root_seed,time,previous_q,regime,control,preview_mode,unique_optimal_executions,optimal_executed_ids,any_optimum_legal_q1,all_optima_legal_q1,fraction_optimal_executions_legal_q1,on_executed,no_q_bias_executed,on_one_step_B,no_q_bias_choice_one_step_B,strict_ranking_reversal,proxy_exploitation_witness
1,0,0,NOMINAL,channel0,faithful,1,[20],True,True,1.0,20,11,0.125,0.125,True,False
1,0,0,NOMINAL,median,faithful,1,[11],False,False,0.0,11,11,0.125,0.125,False,False
1,0,0,NOMINAL,channel2,faithful,1,[11],False,False,0.0,11,11,0.125,0.125,False,False
1,0,0,PHYSICAL_SHIFT,channel0,nominal,1,[20],True,True,1.0,20,11,0.125,0.125,True,False
1,0,0,PHYSICAL_SHIFT,median,nominal,1,[11],False,False,0.0,11,11,0.125,0.125,False,False
1,0,0,PHYSICAL_SHIFT,channel2,nominal,1,[11],False,False,0.0,11,11,0.125,0.125,False,False
1,0,0,COMMON_BIAS,channel0,faithful,1,[20],True,True,1.0,20,11,0.125,0.125,True,False
1,0,0,COMMON_BIAS,median,faithful,1,[11],False,False,0.0,11,11,0.125,0.125,False,False
1,0,0,COMMON_BIAS,channel2,faithful,1,[11],False,False,0.0,11,11,0.125,0.125,False,False
1,0,1,NOMINAL,channel0,faithful,1,[20],True,True,1.0,20,11,0.125,0.125,True,False
1,0,1,NOMINAL,median,faithful,1,[11],False,False,0.0,11,11,0.125,0.125,False,False
1,0,1,NOMINAL,channel2,faithful,1,[11],False,False,0.0,11,11,0.125,0.125,False,False
1,0,1,PHYSICAL_SHIFT,channel0,nominal,1,[20],True,True,1.0,20,11,0.125,0.125,True,False
1,0,1,PHYSICAL_SHIFT,median,nominal,1,[11],False,False,0.0,11,11,0.125,0.125,False,False
1,0,1,PHYSICAL_SHIFT,channel2,nominal,1,[11],False,False,0.0,11,11,0.125,0.125,False,False
1,0,1,COMMON_BIAS,channel0,faithful,1,[20],True,True,1.0,20,11,0.125,0.125,True,False
1,0,1,COMMON_BIAS,median,faithful,1,[11],False,False,0.0,11,11,0.125,0.125,False,False
1,0,1,COMMON_BIAS,channel2,faithful,1,[11],False,False,0.0,11,11,0.125,0.125,False,False
1,6,0,NOMINAL,channel0,faithful,1,[20],True,True,1.0,20,11,0.125,0.125,True,False
1,6,0,NOMINAL,median,faithful,1,[11],False,False,0.0,11,11,0.125,0.125,False,False
1,6,0,NOMINAL,channel2,faithful,1,[11],False,False,0.0,11,11,0.125,0.125,False,False
1,6,0,PHYSICAL_SHIFT,channel0,nominal,1,[20],True,True,1.0,20,11,0.125,0.125,True,False
1,6,0,PHYSICAL_SHIFT,median,nominal,1,[11],False,False,0.0,11,11,0.125,0.125,False,False
1,6,0,PHYSICAL_SHIFT,channel2,nominal,1,[11],False,False,0.0,11,11,0.125,0.125,False,False
1,6,0,COMMON_BIAS,channel0,faithful,1,[20],True,True,1.0,20,11,0.125,0.125,True,False
1,6,0,COMMON_BIAS,median,faithful,1,[20],True,True,1.0,20,11,0.125,0.125,True,False
1,6,0,COMMON_BIAS,channel2,faithful,1,[20],True,True,1.0,20,11,0.125,0.125,True,False
1,6,1,NOMINAL,channel0,faithful,1,[20],True,True,1.0,20,11,0.125,0.125,True,False
1,6,1,NOMINAL,median,faithful,1,[11],False,False,0.0,11,11,0.125,0.125,False,False
1,6,1,NOMINAL,channel2,faithful,1,[11],False,False,0.0,11,11,0.125,0.125,False,False
1,6,1,PHYSICAL_SHIFT,channel0,nominal,1,[20],True,True,1.0,20,11,0.125,0.125,True,False
1,6,1,PHYSICAL_SHIFT,median,nominal,1,[11],False,False,0.0,11,11,0.125,0.125,False,False
1,6,1,PHYSICAL_SHIFT,channel2,nominal,1,[11],False,False,0.0,11,11,0.125,0.125,False,False
1,6,1,COMMON_BIAS,channel0,faithful,1,[20],True,True,1.0,20,11,0.125,0.125,True,False
1,6,1,COMMON_BIAS,median,faithful,1,[36],True,True,1.0,36,11,0.125,0.125,True,False
1,6,1,COMMON_BIAS,channel2,faithful,1,[20],True,True,1.0,20,11,0.125,0.125,True,False
2,0,0,NOMINAL,channel0,faithful,1,[20],True,True,1.0,20,7,0.125,0.0,True,True
2,0,0,NOMINAL,median,faithful,1,[7],False,False,0.0,7,7,0.0,0.0,False,False
2,0,0,NOMINAL,channel2,faithful,1,[7],False,False,0.0,7,7,0.0,0.0,False,False
2,0,0,PHYSICAL_SHIFT,channel0,nominal,1,[20],True,True,1.0,20,7,0.125,0.0,True,True
2,0,0,PHYSICAL_SHIFT,median,nominal,1,[7],False,False,0.0,7,7,0.0,0.0,False,False
2,0,0,PHYSICAL_SHIFT,channel2,nominal,1,[7],False,False,0.0,7,7,0.0,0.0,False,False
2,0,0,COMMON_BIAS,channel0,faithful,1,[20],True,True,1.0,20,7,0.125,0.0,True,True
2,0,0,COMMON_BIAS,median,faithful,1,[7],False,False,0.0,7,7,0.0,0.0,False,False
2,0,0,COMMON_BIAS,channel2,faithful,1,[7],False,False,0.0,7,7,0.0,0.0,False,False
2,0,1,NOMINAL,channel0,faithful,1,[20],True,True,1.0,20,7,0.25,0.0,True,True
2,0,1,NOMINAL,median,faithful,1,[7],False,False,0.0,7,7,0.0,0.0,False,False
2,0,1,NOMINAL,channel2,faithful,1,[7],False,False,0.0,7,7,0.0,0.0,False,False
2,0,1,PHYSICAL_SHIFT,channel0,nominal,1,[20],True,True,1.0,20,7,0.25,0.0,True,True
2,0,1,PHYSICAL_SHIFT,median,nominal,1,[7],False,False,0.0,7,7,0.0,0.0,False,False
2,0,1,PHYSICAL_SHIFT,channel2,nominal,1,[7],False,False,0.0,7,7,0.0,0.0,False,False
2,0,1,COMMON_BIAS,channel0,faithful,1,[20],True,True,1.0,20,7,0.25,0.0,True,True
2,0,1,COMMON_BIAS,median,faithful,1,[7],False,False,0.0,7,7,0.0,0.0,False,False
2,0,1,COMMON_BIAS,channel2,faithful,1,[7],False,False,0.0,7,7,0.0,0.0,False,False
2,6,0,NOMINAL,channel0,faithful,1,[20],True,True,1.0,20,7,0.125,0.0,True,True
2,6,0,NOMINAL,median,faithful,1,[7],False,False,0.0,7,7,0.0,0.0,False,False
2,6,0,NOMINAL,channel2,faithful,1,[7],False,False,0.0,7,7,0.0,0.0,False,False
2,6,0,PHYSICAL_SHIFT,channel0,nominal,1,[20],True,True,1.0,20,7,0.125,0.0,True,True
2,6,0,PHYSICAL_SHIFT,median,nominal,1,[7],False,False,0.0,7,7,0.0,0.0,False,False
2,6,0,PHYSICAL_SHIFT,channel2,nominal,1,[7],False,False,0.0,7,7,0.0,0.0,False,False
2,6,0,COMMON_BIAS,channel0,faithful,1,[20],True,True,1.0,20,7,0.125,0.0,True,True
2,6,0,COMMON_BIAS,median,faithful,1,[20],True,True,1.0,20,7,0.125,0.0,True,True
2,6,0,COMMON_BIAS,channel2,faithful,1,[20],True,True,1.0,20,7,0.125,0.0,True,True
2,6,1,NOMINAL,channel0,faithful,1,[20],True,True,1.0,20,7,0.25,0.0,True,True
2,6,1,NOMINAL,median,faithful,1,[7],False,False,0.0,7,7,0.0,0.0,False,False
2,6,1,NOMINAL,channel2,faithful,1,[7],False,False,0.0,7,7,0.0,0.0,False,False
2,6,1,PHYSICAL_SHIFT,channel0,nominal,1,[20],True,True,1.0,20,7,0.25,0.0,True,True
2,6,1,PHYSICAL_SHIFT,median,nominal,1,[7],False,False,0.0,7,7,0.0,0.0,False,False
2,6,1,PHYSICAL_SHIFT,channel2,nominal,1,[7],False,False,0.0,7,7,0.0,0.0,False,False
2,6,1,COMMON_BIAS,channel0,faithful,1,[20],True,True,1.0,20,7,0.25,0.0,True,True
2,6,1,COMMON_BIAS,median,faithful,1,[20],True,True,1.0,20,7,0.25,0.0,True,True
2,6,1,COMMON_BIAS,channel2,faithful,1,[20],True,True,1.0,20,7,0.25,0.0,True,True
3,0,0,NOMINAL,channel0,faithful,1,[20],True,True,1.0,20,7,0.25,0.0,True,True
3,0,0,NOMINAL,median,faithful,1,[7],False,False,0.0,7,7,0.0,0.0,False,False
3,0,0,NOMINAL,channel2,faithful,1,[7],False,False,0.0,7,7,0.0,0.0,False,False
3,0,0,PHYSICAL_SHIFT,channel0,nominal,1,[20],True,True,1.0,20,7,0.25,0.0,True,True
3,0,0,PHYSICAL_SHIFT,median,nominal,1,[7],False,False,0.0,7,7,0.0,0.0,False,False
3,0,0,PHYSICAL_SHIFT,channel2,nominal,1,[7],False,False,0.0,7,7,0.0,0.0,False,False
3,0,0,COMMON_BIAS,channel0,faithful,1,[20],True,True,1.0,20,7,0.25,0.0,True,True
3,0,0,COMMON_BIAS,median,faithful,1,[7],False,False,0.0,7,7,0.0,0.0,False,False
3,0,0,COMMON_BIAS,channel2,faithful,1,[7],False,False,0.0,7,7,0.0,0.0,False,False
3,0,1,NOMINAL,channel0,faithful,1,[20],True,True,1.0,20,7,0.25,0.0,True,True
3,0,1,NOMINAL,median,faithful,1,[7],False,False,0.0,7,7,0.0,0.0,False,False
3,0,1,NOMINAL,channel2,faithful,1,[7],False,False,0.0,7,7,0.0,0.0,False,False
3,0,1,PHYSICAL_SHIFT,channel0,nominal,1,[20],True,True,1.0,20,7,0.25,0.0,True,True
3,0,1,PHYSICAL_SHIFT,median,nominal,1,[7],False,False,0.0,7,7,0.0,0.0,False,False
3,0,1,PHYSICAL_SHIFT,channel2,nominal,1,[7],False,False,0.0,7,7,0.0,0.0,False,False
3,0,1,COMMON_BIAS,channel0,faithful,1,[20],True,True,1.0,20,7,0.25,0.0,True,True
3,0,1,COMMON_BIAS,median,faithful,1,[7],False,False,0.0,7,7,0.0,0.0,False,False
3,0,1,COMMON_BIAS,channel2,faithful,1,[7],False,False,0.0,7,7,0.0,0.0,False,False
3,6,0,NOMINAL,channel0,faithful,1,[20],True,True,1.0,20,7,0.25,0.0,True,True
3,6,0,NOMINAL,median,faithful,1,[7],False,False,0.0,7,7,0.0,0.0,False,False
3,6,0,NOMINAL,channel2,faithful,1,[7],False,False,0.0,7,7,0.0,0.0,False,False
3,6,0,PHYSICAL_SHIFT,channel0,nominal,1,[20],True,True,1.0,20,7,0.25,0.0,True,True
3,6,0,PHYSICAL_SHIFT,median,nominal,1,[7],False,False,0.0,7,7,0.0,0.0,False,False
3,6,0,PHYSICAL_SHIFT,channel2,nominal,1,[7],False,False,0.0,7,7,0.0,0.0,False,False
3,6,0,COMMON_BIAS,channel0,faithful,1,[20],True,True,1.0,20,7,0.25,0.0,True,True
3,6,0,COMMON_BIAS,median,faithful,1,[20],True,True,1.0,20,7,0.25,0.0,True,True
3,6,0,COMMON_BIAS,channel2,faithful,1,[20],True,True,1.0,20,7,0.25,0.0,True,True
3,6,1,NOMINAL,channel0,faithful,1,[20],True,True,1.0,20,7,0.25,0.0,True,True
3,6,1,NOMINAL,median,faithful,1,[7],False,False,0.0,7,7,0.0,0.0,False,False
3,6,1,NOMINAL,channel2,faithful,1,[7],False,False,0.0,7,7,0.0,0.0,False,False
3,6,1,PHYSICAL_SHIFT,channel0,nominal,1,[20],True,True,1.0,20,7,0.25,0.0,True,True
3,6,1,PHYSICAL_SHIFT,median,nominal,1,[7],False,False,0.0,7,7,0.0,0.0,False,False
3,6,1,PHYSICAL_SHIFT,channel2,nominal,1,[7],False,False,0.0,7,7,0.0,0.0,False,False
3,6,1,COMMON_BIAS,channel0,faithful,1,[20],True,True,1.0,20,7,0.25,0.0,True,True
3,6,1,COMMON_BIAS,median,faithful,1,[20],True,True,1.0,20,7,0.25,0.0,True,True
3,6,1,COMMON_BIAS,channel2,faithful,1,[20],True,True,1.0,20,7,0.25,0.0,True,True
4,0,0,NOMINAL,channel0,faithful,1,[36],True,True,1.0,36,11,0.125,0.0,True,True
4,0,0,NOMINAL,median,faithful,1,[11],False,False,0.0,11,11,0.0,0.0,False,False
4,0,0,NOMINAL,channel2,faithful,1,[11],False,False,0.0,11,11,0.0,0.0,False,False
4,0,0,PHYSICAL_SHIFT,channel0,nominal,1,[36],True,True,1.0,36,11,0.125,0.0,True,True
4,0,0,PHYSICAL_SHIFT,median,nominal,1,[11],False,False,0.0,11,11,0.0,0.0,False,False
4,0,0,PHYSICAL_SHIFT,channel2,nominal,1,[11],False,False,0.0,11,11,0.0,0.0,False,False
4,0,0,COMMON_BIAS,channel0,faithful,1,[36],True,True,1.0,36,11,0.125,0.0,True,True
4,0,0,COMMON_BIAS,median,faithful,1,[11],False,False,0.0,11,11,0.0,0.0,False,False
4,0,0,COMMON_BIAS,channel2,faithful,1,[11],False,False,0.0,11,11,0.0,0.0,False,False
4,0,1,NOMINAL,channel0,faithful,1,[36],True,True,1.0,36,11,0.125,0.0,True,True
4,0,1,NOMINAL,median,faithful,1,[11],False,False,0.0,11,11,0.0,0.0,False,False
4,0,1,NOMINAL,channel2,faithful,1,[11],False,False,0.0,11,11,0.0,0.0,False,False
4,0,1,PHYSICAL_SHIFT,channel0,nominal,1,[36],True,True,1.0,36,11,0.125,0.0,True,True
4,0,1,PHYSICAL_SHIFT,median,nominal,1,[11],False,False,0.0,11,11,0.0,0.0,False,False
4,0,1,PHYSICAL_SHIFT,channel2,nominal,1,[11],False,False,0.0,11,11,0.0,0.0,False,False
4,0,1,COMMON_BIAS,channel0,faithful,1,[36],True,True,1.0,36,11,0.125,0.0,True,True
4,0,1,COMMON_BIAS,median,faithful,1,[11],False,False,0.0,11,11,0.0,0.0,False,False
4,0,1,COMMON_BIAS,channel2,faithful,1,[11],False,False,0.0,11,11,0.0,0.0,False,False
4,6,0,NOMINAL,channel0,faithful,1,[36],True,True,1.0,36,11,0.125,0.0,True,True
4,6,0,NOMINAL,median,faithful,1,[11],False,False,0.0,11,11,0.0,0.0,False,False
4,6,0,NOMINAL,channel2,faithful,1,[11],False,False,0.0,11,11,0.0,0.0,False,False
4,6,0,PHYSICAL_SHIFT,channel0,nominal,1,[36],True,True,1.0,36,11,0.125,0.0,True,True
4,6,0,PHYSICAL_SHIFT,median,nominal,1,[11],False,False,0.0,11,11,0.0,0.0,False,False
4,6,0,PHYSICAL_SHIFT,channel2,nominal,1,[11],False,False,0.0,11,11,0.0,0.0,False,False
4,6,0,COMMON_BIAS,channel0,faithful,1,[36],True,True,1.0,36,11,0.125,0.0,True,True
4,6,0,COMMON_BIAS,median,faithful,1,[36],True,True,1.0,36,11,0.125,0.0,True,True
4,6,0,COMMON_BIAS,channel2,faithful,1,[36],True,True,1.0,36,11,0.125,0.0,True,True
4,6,1,NOMINAL,channel0,faithful,1,[36],True,True,1.0,36,11,0.125,0.0,True,True
4,6,1,NOMINAL,median,faithful,1,[11],False,False,0.0,11,11,0.0,0.0,False,False
4,6,1,NOMINAL,channel2,faithful,1,[11],False,False,0.0,11,11,0.0,0.0,False,False
4,6,1,PHYSICAL_SHIFT,channel0,nominal,1,[36],True,True,1.0,36,11,0.125,0.0,True,True
4,6,1,PHYSICAL_SHIFT,median,nominal,1,[11],False,False,0.0,11,11,0.0,0.0,False,False
4,6,1,PHYSICAL_SHIFT,channel2,nominal,1,[11],False,False,0.0,11,11,0.0,0.0,False,False
4,6,1,COMMON_BIAS,channel0,faithful,1,[36],True,True,1.0,36,11,0.125,0.0,True,True
4,6,1,COMMON_BIAS,median,faithful,1,[36],True,True,1.0,36,11,0.125,0.0,True,True
4,6,1,COMMON_BIAS,channel2,faithful,1,[36],True,True,1.0,36,11,0.125,0.0,True,True
5,0,0,NOMINAL,channel0,faithful,1,[36],True,True,1.0,36,11,0.0,0.0,True,False
5,0,0,NOMINAL,median,faithful,1,[11],False,False,0.0,11,11,0.0,0.0,False,False
5,0,0,NOMINAL,channel2,faithful,1,[11],False,False,0.0,11,11,0.0,0.0,False,False
5,0,0,PHYSICAL_SHIFT,channel0,nominal,1,[36],True,True,1.0,36,11,0.0,0.0,True,False
5,0,0,PHYSICAL_SHIFT,median,nominal,1,[11],False,False,0.0,11,11,0.0,0.0,False,False
5,0,0,PHYSICAL_SHIFT,channel2,nominal,1,[11],False,False,0.0,11,11,0.0,0.0,False,False
5,0,0,COMMON_BIAS,channel0,faithful,1,[36],True,True,1.0,36,11,0.0,0.0,True,False
5,0,0,COMMON_BIAS,median,faithful,1,[11],False,False,0.0,11,11,0.0,0.0,False,False
5,0,0,COMMON_BIAS,channel2,faithful,1,[11],False,False,0.0,11,11,0.0,0.0,False,False
5,0,1,NOMINAL,channel0,faithful,1,[36],True,True,1.0,36,11,0.25,0.0,True,True
5,0,1,NOMINAL,median,faithful,1,[11],False,False,0.0,11,11,0.0,0.0,False,False
5,0,1,NOMINAL,channel2,faithful,1,[11],False,False,0.0,11,11,0.0,0.0,False,False
5,0,1,PHYSICAL_SHIFT,channel0,nominal,1,[36],True,True,1.0,36,11,0.25,0.0,True,True
5,0,1,PHYSICAL_SHIFT,median,nominal,1,[11],False,False,0.0,11,11,0.0,0.0,False,False
5,0,1,PHYSICAL_SHIFT,channel2,nominal,1,[11],False,False,0.0,11,11,0.0,0.0,False,False
5,0,1,COMMON_BIAS,channel0,faithful,1,[36],True,True,1.0,36,11,0.25,0.0,True,True
5,0,1,COMMON_BIAS,median,faithful,1,[11],False,False,0.0,11,11,0.0,0.0,False,False
5,0,1,COMMON_BIAS,channel2,faithful,1,[11],False,False,0.0,11,11,0.0,0.0,False,False
5,6,0,NOMINAL,channel0,faithful,1,[36],True,True,1.0,36,11,0.0,0.0,True,False
5,6,0,NOMINAL,median,faithful,1,[11],False,False,0.0,11,11,0.0,0.0,False,False
5,6,0,NOMINAL,channel2,faithful,1,[11],False,False,0.0,11,11,0.0,0.0,False,False
5,6,0,PHYSICAL_SHIFT,channel0,nominal,1,[36],True,True,1.0,36,11,0.0,0.0,True,False
5,6,0,PHYSICAL_SHIFT,median,nominal,1,[11],False,False,0.0,11,11,0.0,0.0,False,False
5,6,0,PHYSICAL_SHIFT,channel2,nominal,1,[11],False,False,0.0,11,11,0.0,0.0,False,False
5,6,0,COMMON_BIAS,channel0,faithful,1,[36],True,True,1.0,36,11,0.0,0.0,True,False
5,6,0,COMMON_BIAS,median,faithful,1,[36],True,True,1.0,36,11,0.0,0.0,True,False
5,6,0,COMMON_BIAS,channel2,faithful,1,[36],True,True,1.0,36,11,0.0,0.0,True,False
5,6,1,NOMINAL,channel0,faithful,1,[36],True,True,1.0,36,11,0.25,0.0,True,True
5,6,1,NOMINAL,median,faithful,1,[11],False,False,0.0,11,11,0.0,0.0,False,False
5,6,1,NOMINAL,channel2,faithful,1,[11],False,False,0.0,11,11,0.0,0.0,False,False
5,6,1,PHYSICAL_SHIFT,channel0,nominal,1,[36],True,True,1.0,36,11,0.25,0.0,True,True
5,6,1,PHYSICAL_SHIFT,median,nominal,1,[11],False,False,0.0,11,11,0.0,0.0,False,False
5,6,1,PHYSICAL_SHIFT,channel2,nominal,1,[11],False,False,0.0,11,11,0.0,0.0,False,False
5,6,1,COMMON_BIAS,channel0,faithful,1,[36],True,True,1.0,36,11,0.25,0.0,True,True
5,6,1,COMMON_BIAS,median,faithful,1,[36],True,True,1.0,36,11,0.25,0.0,True,True
5,6,1,COMMON_BIAS,channel2,faithful,1,[36],True,True,1.0,36,11,0.25,0.0,True,True
6,0,0,NOMINAL,channel0,faithful,1,[20],True,True,1.0,20,7,0.0,0.0,True,False
6,0,0,NOMINAL,median,faithful,1,[7],False,False,0.0,7,7,0.0,0.0,False,False
6,0,0,NOMINAL,channel2,faithful,1,[7],False,False,0.0,7,7,0.0,0.0,False,False
6,0,0,PHYSICAL_SHIFT,channel0,nominal,1,[20],True,True,1.0,20,7,0.0,0.0,True,False
6,0,0,PHYSICAL_SHIFT,median,nominal,1,[7],False,False,0.0,7,7,0.0,0.0,False,False
6,0,0,PHYSICAL_SHIFT,channel2,nominal,1,[7],False,False,0.0,7,7,0.0,0.0,False,False
6,0,0,COMMON_BIAS,channel0,faithful,1,[20],True,True,1.0,20,7,0.0,0.0,True,False
6,0,0,COMMON_BIAS,median,faithful,1,[7],False,False,0.0,7,7,0.0,0.0,False,False
6,0,0,COMMON_BIAS,channel2,faithful,1,[7],False,False,0.0,7,7,0.0,0.0,False,False
6,0,1,NOMINAL,channel0,faithful,1,[20],True,True,1.0,20,7,0.0,0.0,True,False
6,0,1,NOMINAL,median,faithful,1,[7],False,False,0.0,7,7,0.0,0.0,False,False
6,0,1,NOMINAL,channel2,faithful,1,[7],False,False,0.0,7,7,0.0,0.0,False,False
6,0,1,PHYSICAL_SHIFT,channel0,nominal,1,[20],True,True,1.0,20,7,0.0,0.0,True,False
6,0,1,PHYSICAL_SHIFT,median,nominal,1,[7],False,False,0.0,7,7,0.0,0.0,False,False
6,0,1,PHYSICAL_SHIFT,channel2,nominal,1,[7],False,False,0.0,7,7,0.0,0.0,False,False
6,0,1,COMMON_BIAS,channel0,faithful,1,[20],True,True,1.0,20,7,0.0,0.0,True,False
6,0,1,COMMON_BIAS,median,faithful,1,[7],False,False,0.0,7,7,0.0,0.0,False,False
6,0,1,COMMON_BIAS,channel2,faithful,1,[7],False,False,0.0,7,7,0.0,0.0,False,False
6,6,0,NOMINAL,channel0,faithful,1,[20],True,True,1.0,20,7,0.0,0.0,True,False
6,6,0,NOMINAL,median,faithful,1,[7],False,False,0.0,7,7,0.0,0.0,False,False
6,6,0,NOMINAL,channel2,faithful,1,[7],False,False,0.0,7,7,0.0,0.0,False,False
6,6,0,PHYSICAL_SHIFT,channel0,nominal,1,[20],True,True,1.0,20,7,0.0,0.0,True,False
6,6,0,PHYSICAL_SHIFT,median,nominal,1,[7],False,False,0.0,7,7,0.0,0.0,False,False
6,6,0,PHYSICAL_SHIFT,channel2,nominal,1,[7],False,False,0.0,7,7,0.0,0.0,False,False
6,6,0,COMMON_BIAS,channel0,faithful,1,[20],True,True,1.0,20,7,0.0,0.0,True,False
6,6,0,COMMON_BIAS,median,faithful,1,[20],True,True,1.0,20,7,0.0,0.0,True,False
6,6,0,COMMON_BIAS,channel2,faithful,1,[20],True,True,1.0,20,7,0.0,0.0,True,False
6,6,1,NOMINAL,channel0,faithful,1,[20],True,True,1.0,20,7,0.0,0.0,True,False
6,6,1,NOMINAL,median,faithful,1,[7],False,False,0.0,7,7,0.0,0.0,False,False
6,6,1,NOMINAL,channel2,faithful,1,[7],False,False,0.0,7,7,0.0,0.0,False,False
6,6,1,PHYSICAL_SHIFT,channel0,nominal,1,[20],True,True,1.0,20,7,0.0,0.0,True,False
6,6,1,PHYSICAL_SHIFT,median,nominal,1,[7],False,False,0.0,7,7,0.0,0.0,False,False
6,6,1,PHYSICAL_SHIFT,channel2,nominal,1,[7],False,False,0.0,7,7,0.0,0.0,False,False
6,6,1,COMMON_BIAS,channel0,faithful,1,[20],True,True,1.0,20,7,0.0,0.0,True,False
6,6,1,COMMON_BIAS,median,faithful,1,[20],True,True,1.0,20,7,0.0,0.0,True,False
6,6,1,COMMON_BIAS,channel2,faithful,1,[20],True,True,1.0,20,7,0.0,0.0,True,False
7,0,0,NOMINAL,channel0,faithful,2,"[20, 36]",True,True,1.0,20,20,0.0,0.0,False,False
7,0,0,NOMINAL,median,faithful,2,"[20, 36]",True,True,1.0,20,20,0.0,0.0,False,False
7,0,0,NOMINAL,channel2,faithful,2,"[20, 36]",True,True,1.0,20,20,0.0,0.0,False,False
7,0,0,PHYSICAL_SHIFT,channel0,nominal,2,"[20, 36]",True,True,1.0,20,20,0.0,0.0,False,False
7,0,0,PHYSICAL_SHIFT,median,nominal,2,"[20, 36]",True,True,1.0,20,20,0.0,0.0,False,False
7,0,0,PHYSICAL_SHIFT,channel2,nominal,2,"[20, 36]",True,True,1.0,20,20,0.0,0.0,False,False
7,0,0,COMMON_BIAS,channel0,faithful,2,"[20, 36]",True,True,1.0,20,20,0.0,0.0,False,False
7,0,0,COMMON_BIAS,median,faithful,2,"[20, 36]",True,True,1.0,20,20,0.0,0.0,False,False
7,0,0,COMMON_BIAS,channel2,faithful,2,"[20, 36]",True,True,1.0,20,20,0.0,0.0,False,False
7,0,1,NOMINAL,channel0,faithful,2,"[20, 36]",True,True,1.0,20,20,0.0,0.0,False,False
7,0,1,NOMINAL,median,faithful,2,"[20, 36]",True,True,1.0,20,20,0.0,0.0,False,False
7,0,1,NOMINAL,channel2,faithful,2,"[20, 36]",True,True,1.0,20,20,0.0,0.0,False,False
7,0,1,PHYSICAL_SHIFT,channel0,nominal,2,"[20, 36]",True,True,1.0,20,20,0.0,0.0,False,False
7,0,1,PHYSICAL_SHIFT,median,nominal,2,"[20, 36]",True,True,1.0,20,20,0.0,0.0,False,False
7,0,1,PHYSICAL_SHIFT,channel2,nominal,2,"[20, 36]",True,True,1.0,20,20,0.0,0.0,False,False
7,0,1,COMMON_BIAS,channel0,faithful,2,"[20, 36]",True,True,1.0,20,20,0.0,0.0,False,False
7,0,1,COMMON_BIAS,median,faithful,2,"[20, 36]",True,True,1.0,20,20,0.0,0.0,False,False
7,0,1,COMMON_BIAS,channel2,faithful,2,"[20, 36]",True,True,1.0,20,20,0.0,0.0,False,False
7,6,0,NOMINAL,channel0,faithful,2,"[20, 36]",True,True,1.0,20,20,0.0,0.0,False,False
7,6,0,NOMINAL,median,faithful,2,"[20, 36]",True,True,1.0,20,20,0.0,0.0,False,False
7,6,0,NOMINAL,channel2,faithful,2,"[20, 36]",True,True,1.0,20,20,0.0,0.0,False,False
7,6,0,PHYSICAL_SHIFT,channel0,nominal,2,"[20, 36]",True,True,1.0,20,20,0.0,0.0,False,False
7,6,0,PHYSICAL_SHIFT,median,nominal,2,"[20, 36]",True,True,1.0,20,20,0.0,0.0,False,False
7,6,0,PHYSICAL_SHIFT,channel2,nominal,2,"[20, 36]",True,True,1.0,20,20,0.0,0.0,False,False
7,6,0,COMMON_BIAS,channel0,faithful,2,"[20, 36]",True,True,1.0,20,20,0.0,0.0,False,False
7,6,0,COMMON_BIAS,median,faithful,2,"[20, 36]",True,True,1.0,20,20,0.0,0.0,False,False
7,6,0,COMMON_BIAS,channel2,faithful,2,"[20, 36]",True,True,1.0,20,20,0.0,0.0,False,False
7,6,1,NOMINAL,channel0,faithful,2,"[20, 36]",True,True,1.0,20,20,0.0,0.0,False,False
7,6,1,NOMINAL,median,faithful,2,"[20, 36]",True,True,1.0,20,20,0.0,0.0,False,False
7,6,1,NOMINAL,channel2,faithful,2,"[20, 36]",True,True,1.0,20,20,0.0,0.0,False,False
7,6,1,PHYSICAL_SHIFT,channel0,nominal,2,"[20, 36]",True,True,1.0,20,20,0.0,0.0,False,False
7,6,1,PHYSICAL_SHIFT,median,nominal,2,"[20, 36]",True,True,1.0,20,20,0.0,0.0,False,False
7,6,1,PHYSICAL_SHIFT,channel2,nominal,2,"[20, 36]",True,True,1.0,20,20,0.0,0.0,False,False
7,6,1,COMMON_BIAS,channel0,faithful,2,"[20, 36]",True,True,1.0,20,20,0.0,0.0,False,False
7,6,1,COMMON_BIAS,median,faithful,2,"[20, 36]",True,True,1.0,20,20,0.0,0.0,False,False
7,6,1,COMMON_BIAS,channel2,faithful,2,"[20, 36]",True,True,1.0,20,20,0.0,0.0,False,False
8,0,0,NOMINAL,channel0,faithful,1,[20],True,True,1.0,20,7,0.125,0.0,True,True
8,0,0,NOMINAL,median,faithful,2,"[7, 11]",False,False,0.0,7,7,0.0,0.0,False,False
8,0,0,NOMINAL,channel2,faithful,2,"[7, 11]",False,False,0.0,7,7,0.0,0.0,False,False
8,0,0,PHYSICAL_SHIFT,channel0,nominal,1,[20],True,True,1.0,20,7,0.125,0.0,True,True
8,0,0,PHYSICAL_SHIFT,median,nominal,2,"[7, 11]",False,False,0.0,7,7,0.0,0.0,False,False
8,0,0,PHYSICAL_SHIFT,channel2,nominal,2,"[7, 11]",False,False,0.0,7,7,0.0,0.0,False,False
8,0,0,COMMON_BIAS,channel0,faithful,1,[20],True,True,1.0,20,7,0.125,0.0,True,True
8,0,0,COMMON_BIAS,median,faithful,2,"[7, 11]",False,False,0.0,7,7,0.0,0.0,False,False
8,0,0,COMMON_BIAS,channel2,faithful,2,"[7, 11]",False,False,0.0,7,7,0.0,0.0,False,False
8,0,1,NOMINAL,channel0,faithful,1,[20],True,True,1.0,20,7,0.125,0.0,True,True
8,0,1,NOMINAL,median,faithful,2,"[7, 11]",False,False,0.0,7,7,0.0,0.0,False,False
8,0,1,NOMINAL,channel2,faithful,2,"[7, 11]",False,False,0.0,7,7,0.0,0.0,False,False
8,0,1,PHYSICAL_SHIFT,channel0,nominal,1,[20],True,True,1.0,20,7,0.125,0.0,True,True
8,0,1,PHYSICAL_SHIFT,median,nominal,2,"[7, 11]",False,False,0.0,7,7,0.0,0.0,False,False
8,0,1,PHYSICAL_SHIFT,channel2,nominal,2,"[7, 11]",False,False,0.0,7,7,0.0,0.0,False,False
8,0,1,COMMON_BIAS,channel0,faithful,1,[20],True,True,1.0,20,7,0.125,0.0,True,True
8,0,1,COMMON_BIAS,median,faithful,2,"[7, 11]",False,False,0.0,7,7,0.0,0.0,False,False
8,0,1,COMMON_BIAS,channel2,faithful,2,"[7, 11]",False,False,0.0,7,7,0.0,0.0,False,False
8,6,0,NOMINAL,channel0,faithful,1,[20],True,True,1.0,20,7,0.125,0.0,True,True
8,6,0,NOMINAL,median,faithful,2,"[7, 11]",False,False,0.0,7,7,0.0,0.0,False,False
8,6,0,NOMINAL,channel2,faithful,2,"[7, 11]",False,False,0.0,7,7,0.0,0.0,False,False
8,6,0,PHYSICAL_SHIFT,channel0,nominal,1,[20],True,True,1.0,20,7,0.125,0.0,True,True
8,6,0,PHYSICAL_SHIFT,median,nominal,2,"[7, 11]",False,False,0.0,7,7,0.0,0.0,False,False
8,6,0,PHYSICAL_SHIFT,channel2,nominal,2,"[7, 11]",False,False,0.0,7,7,0.0,0.0,False,False
8,6,0,COMMON_BIAS,channel0,faithful,1,[20],True,True,1.0,20,7,0.125,0.0,True,True
8,6,0,COMMON_BIAS,median,faithful,1,[20],True,True,1.0,20,7,0.125,0.0,True,True
8,6,0,COMMON_BIAS,channel2,faithful,1,[20],True,True,1.0,20,7,0.125,0.0,True,True
8,6,1,NOMINAL,channel0,faithful,1,[20],True,True,1.0,20,7,0.125,0.0,True,True
8,6,1,NOMINAL,median,faithful,2,"[7, 11]",False,False,0.0,7,7,0.0,0.0,False,False
8,6,1,NOMINAL,channel2,faithful,2,"[7, 11]",False,False,0.0,7,7,0.0,0.0,False,False
8,6,1,PHYSICAL_SHIFT,channel0,nominal,1,[20],True,True,1.0,20,7,0.125,0.0,True,True
8,6,1,PHYSICAL_SHIFT,median,nominal,2,"[7, 11]",False,False,0.0,7,7,0.0,0.0,False,False
8,6,1,PHYSICAL_SHIFT,channel2,nominal,2,"[7, 11]",False,False,0.0,7,7,0.0,0.0,False,False
8,6,1,COMMON_BIAS,channel0,faithful,1,[20],True,True,1.0,20,7,0.125,0.0,True,True
8,6,1,COMMON_BIAS,median,faithful,1,[20],True,True,1.0,20,7,0.125,0.0,True,True
8,6,1,COMMON_BIAS,channel2,faithful,1,[20],True,True,1.0,20,7,0.125,0.0,True,True
9,0,0,NOMINAL,channel0,faithful,1,[36],True,True,1.0,36,11,0.0,0.0,True,False
9,0,0,NOMINAL,median,faithful,1,[11],False,False,0.0,11,11,0.0,0.0,False,False
9,0,0,NOMINAL,channel2,faithful,1,[11],False,False,0.0,11,11,0.0,0.0,False,False
9,0,0,PHYSICAL_SHIFT,channel0,nominal,1,[36],True,True,1.0,36,11,0.0,0.0,True,False
9,0,0,PHYSICAL_SHIFT,median,nominal,1,[11],False,False,0.0,11,11,0.0,0.0,False,False
9,0,0,PHYSICAL_SHIFT,channel2,nominal,1,[11],False,False,0.0,11,11,0.0,0.0,False,False
9,0,0,COMMON_BIAS,channel0,faithful,1,[36],True,True,1.0,36,11,0.0,0.0,True,False
9,0,0,COMMON_BIAS,median,faithful,1,[11],False,False,0.0,11,11,0.0,0.0,False,False
9,0,0,COMMON_BIAS,channel2,faithful,1,[11],False,False,0.0,11,11,0.0,0.0,False,False
9,0,1,NOMINAL,channel0,faithful,1,[36],True,True,1.0,36,11,0.0,0.0,True,False
9,0,1,NOMINAL,median,faithful,1,[11],False,False,0.0,11,11,0.0,0.0,False,False
9,0,1,NOMINAL,channel2,faithful,1,[11],False,False,0.0,11,11,0.0,0.0,False,False
9,0,1,PHYSICAL_SHIFT,channel0,nominal,1,[36],True,True,1.0,36,11,0.0,0.0,True,False
9,0,1,PHYSICAL_SHIFT,median,nominal,1,[11],False,False,0.0,11,11,0.0,0.0,False,False
9,0,1,PHYSICAL_SHIFT,channel2,nominal,1,[11],False,False,0.0,11,11,0.0,0.0,False,False
9,0,1,COMMON_BIAS,channel0,faithful,1,[36],True,True,1.0,36,11,0.0,0.0,True,False
9,0,1,COMMON_BIAS,median,faithful,1,[11],False,False,0.0,11,11,0.0,0.0,False,False
9,0,1,COMMON_BIAS,channel2,faithful,1,[11],False,False,0.0,11,11,0.0,0.0,False,False
9,6,0,NOMINAL,channel0,faithful,1,[36],True,True,1.0,36,11,0.0,0.0,True,False
9,6,0,NOMINAL,median,faithful,1,[11],False,False,0.0,11,11,0.0,0.0,False,False
9,6,0,NOMINAL,channel2,faithful,1,[11],False,False,0.0,11,11,0.0,0.0,False,False
9,6,0,PHYSICAL_SHIFT,channel0,nominal,1,[36],True,True,1.0,36,11,0.0,0.0,True,False
9,6,0,PHYSICAL_SHIFT,median,nominal,1,[11],False,False,0.0,11,11,0.0,0.0,False,False
9,6,0,PHYSICAL_SHIFT,channel2,nominal,1,[11],False,False,0.0,11,11,0.0,0.0,False,False
9,6,0,COMMON_BIAS,channel0,faithful,1,[36],True,True,1.0,36,11,0.0,0.0,True,False
9,6,0,COMMON_BIAS,median,faithful,1,[36],True,True,1.0,36,11,0.0,0.0,True,False
9,6,0,COMMON_BIAS,channel2,faithful,1,[36],True,True,1.0,36,11,0.0,0.0,True,False
9,6,1,NOMINAL,channel0,faithful,1,[36],True,True,1.0,36,11,0.0,0.0,True,False
9,6,1,NOMINAL,median,faithful,1,[11],False,False,0.0,11,11,0.0,0.0,False,False
9,6,1,NOMINAL,channel2,faithful,1,[11],False,False,0.0,11,11,0.0,0.0,False,False
9,6,1,PHYSICAL_SHIFT,channel0,nominal,1,[36],True,True,1.0,36,11,0.0,0.0,True,False
9,6,1,PHYSICAL_SHIFT,median,nominal,1,[11],False,False,0.0,11,11,0.0,0.0,False,False
9,6,1,PHYSICAL_SHIFT,channel2,nominal,1,[11],False,False,0.0,11,11,0.0,0.0,False,False
9,6,1,COMMON_BIAS,channel0,faithful,1,[36],True,True,1.0,36,11,0.0,0.0,True,False
9,6,1,COMMON_BIAS,median,faithful,1,[36],True,True,1.0,36,11,0.0,0.0,True,False
9,6,1,COMMON_BIAS,channel2,faithful,1,[36],True,True,1.0,36,11,0.0,0.0,True,False
10,0,0,NOMINAL,channel0,faithful,1,[20],True,True,1.0,20,7,0.125,0.0,True,True
10,0,0,NOMINAL,median,faithful,1,[7],False,False,0.0,7,7,0.0,0.0,False,False
10,0,0,NOMINAL,channel2,faithful,1,[7],False,False,0.0,7,7,0.0,0.0,False,False
10,0,0,PHYSICAL_SHIFT,channel0,nominal,1,[20],True,True,1.0,20,7,0.125,0.0,True,True
10,0,0,PHYSICAL_SHIFT,median,nominal,1,[7],False,False,0.0,7,7,0.0,0.0,False,False
10,0,0,PHYSICAL_SHIFT,channel2,nominal,1,[7],False,False,0.0,7,7,0.0,0.0,False,False
10,0,0,COMMON_BIAS,channel0,faithful,1,[20],True,True,1.0,20,7,0.125,0.0,True,True
10,0,0,COMMON_BIAS,median,faithful,1,[7],False,False,0.0,7,7,0.0,0.0,False,False
10,0,0,COMMON_BIAS,channel2,faithful,1,[7],False,False,0.0,7,7,0.0,0.0,False,False
10,0,1,NOMINAL,channel0,faithful,1,[20],True,True,1.0,20,7,0.125,0.0,True,True
10,0,1,NOMINAL,median,faithful,1,[7],False,False,0.0,7,7,0.0,0.0,False,False
10,0,1,NOMINAL,channel2,faithful,1,[7],False,False,0.0,7,7,0.0,0.0,False,False
10,0,1,PHYSICAL_SHIFT,channel0,nominal,1,[20],True,True,1.0,20,7,0.125,0.0,True,True
10,0,1,PHYSICAL_SHIFT,median,nominal,1,[7],False,False,0.0,7,7,0.0,0.0,False,False
10,0,1,PHYSICAL_SHIFT,channel2,nominal,1,[7],False,False,0.0,7,7,0.0,0.0,False,False
10,0,1,COMMON_BIAS,channel0,faithful,1,[20],True,True,1.0,20,7,0.125,0.0,True,True
10,0,1,COMMON_BIAS,median,faithful,1,[7],False,False,0.0,7,7,0.0,0.0,False,False
10,0,1,COMMON_BIAS,channel2,faithful,1,[7],False,False,0.0,7,7,0.0,0.0,False,False
10,6,0,NOMINAL,channel0,faithful,1,[20],True,True,1.0,20,7,0.125,0.0,True,True
10,6,0,NOMINAL,median,faithful,1,[7],False,False,0.0,7,7,0.0,0.0,False,False
10,6,0,NOMINAL,channel2,faithful,1,[7],False,False,0.0,7,7,0.0,0.0,False,False
10,6,0,PHYSICAL_SHIFT,channel0,nominal,1,[20],True,True,1.0,20,7,0.125,0.0,True,True
10,6,0,PHYSICAL_SHIFT,median,nominal,1,[7],False,False,0.0,7,7,0.0,0.0,False,False
10,6,0,PHYSICAL_SHIFT,channel2,nominal,1,[7],False,False,0.0,7,7,0.0,0.0,False,False
10,6,0,COMMON_BIAS,channel0,faithful,1,[20],True,True,1.0,20,7,0.125,0.0,True,True
10,6,0,COMMON_BIAS,median,faithful,1,[20],True,True,1.0,20,7,0.125,0.0,True,True
10,6,0,COMMON_BIAS,channel2,faithful,1,[20],True,True,1.0,20,7,0.125,0.0,True,True
10,6,1,NOMINAL,channel0,faithful,1,[20],True,True,1.0,20,7,0.125,0.0,True,True
10,6,1,NOMINAL,median,faithful,1,[7],False,False,0.0,7,7,0.0,0.0,False,False
10,6,1,NOMINAL,channel2,faithful,1,[7],False,False,0.0,7,7,0.0,0.0,False,False
10,6,1,PHYSICAL_SHIFT,channel0,nominal,1,[20],True,True,1.0,20,7,0.125,0.0,True,True
10,6,1,PHYSICAL_SHIFT,median,nominal,1,[7],False,False,0.0,7,7,0.0,0.0,False,False
10,6,1,PHYSICAL_SHIFT,channel2,nominal,1,[7],False,False,0.0,7,7,0.0,0.0,False,False
10,6,1,COMMON_BIAS,channel0,faithful,1,[20],True,True,1.0,20,7,0.125,0.0,True,True
10,6,1,COMMON_BIAS,median,faithful,1,[20],True,True,1.0,20,7,0.125,0.0,True,True
10,6,1,COMMON_BIAS,channel2,faithful,1,[20],True,True,1.0,20,7,0.125,0.0,True,True
11,0,0,NOMINAL,channel0,faithful,1,[36],True,True,1.0,36,11,0.125,0.0,True,True
11,0,0,NOMINAL,median,faithful,1,[11],False,False,0.0,11,11,0.0,0.0,False,False
11,0,0,NOMINAL,channel2,faithful,1,[11],False,False,0.0,11,11,0.0,0.0,False,False
11,0,0,PHYSICAL_SHIFT,channel0,nominal,1,[36],True,True,1.0,36,11,0.125,0.0,True,True
11,0,0,PHYSICAL_SHIFT,median,nominal,1,[11],False,False,0.0,11,11,0.0,0.0,False,False
11,0,0,PHYSICAL_SHIFT,channel2,nominal,1,[11],False,False,0.0,11,11,0.0,0.0,False,False
11,0,0,COMMON_BIAS,channel0,faithful,1,[36],True,True,1.0,36,11,0.125,0.0,True,True
11,0,0,COMMON_BIAS,median,faithful,1,[11],False,False,0.0,11,11,0.0,0.0,False,False
11,0,0,COMMON_BIAS,channel2,faithful,1,[11],False,False,0.0,11,11,0.0,0.0,False,False
11,0,1,NOMINAL,channel0,faithful,1,[36],True,True,1.0,36,11,0.125,0.0,True,True
11,0,1,NOMINAL,median,faithful,1,[11],False,False,0.0,11,11,0.0,0.0,False,False
11,0,1,NOMINAL,channel2,faithful,1,[11],False,False,0.0,11,11,0.0,0.0,False,False
11,0,1,PHYSICAL_SHIFT,channel0,nominal,1,[36],True,True,1.0,36,11,0.125,0.0,True,True
11,0,1,PHYSICAL_SHIFT,median,nominal,1,[11],False,False,0.0,11,11,0.0,0.0,False,False
11,0,1,PHYSICAL_SHIFT,channel2,nominal,1,[11],False,False,0.0,11,11,0.0,0.0,False,False
11,0,1,COMMON_BIAS,channel0,faithful,1,[36],True,True,1.0,36,11,0.125,0.0,True,True
11,0,1,COMMON_BIAS,median,faithful,1,[11],False,False,0.0,11,11,0.0,0.0,False,False
11,0,1,COMMON_BIAS,channel2,faithful,1,[11],False,False,0.0,11,11,0.0,0.0,False,False
11,6,0,NOMINAL,channel0,faithful,1,[36],True,True,1.0,36,11,0.125,0.0,True,True
11,6,0,NOMINAL,median,faithful,1,[11],False,False,0.0,11,11,0.0,0.0,False,False
11,6,0,NOMINAL,channel2,faithful,1,[11],False,False,0.0,11,11,0.0,0.0,False,False
11,6,0,PHYSICAL_SHIFT,channel0,nominal,1,[36],True,True,1.0,36,11,0.125,0.0,True,True
11,6,0,PHYSICAL_SHIFT,median,nominal,1,[11],False,False,0.0,11,11,0.0,0.0,False,False
11,6,0,PHYSICAL_SHIFT,channel2,nominal,1,[11],False,False,0.0,11,11,0.0,0.0,False,False
11,6,0,COMMON_BIAS,channel0,faithful,1,[36],True,True,1.0,36,11,0.125,0.0,True,True
11,6,0,COMMON_BIAS,median,faithful,1,[36],True,True,1.0,36,11,0.125,0.0,True,True
11,6,0,COMMON_BIAS,channel2,faithful,1,[36],True,True,1.0,36,11,0.125,0.0,True,True
11,6,1,NOMINAL,channel0,faithful,1,[36],True,True,1.0,36,11,0.125,0.0,True,True
11,6,1,NOMINAL,median,faithful,1,[11],False,False,0.0,11,11,0.0,0.0,False,False
11,6,1,NOMINAL,channel2,faithful,1,[11],False,False,0.0,11,11,0.0,0.0,False,False
11,6,1,PHYSICAL_SHIFT,channel0,nominal,1,[36],True,True,1.0,36,11,0.25,0.0,True,True
11,6,1,PHYSICAL_SHIFT,median,nominal,1,[11],False,False,0.0,11,11,0.0,0.0,False,False
11,6,1,PHYSICAL_SHIFT,channel2,nominal,1,[11],False,False,0.0,11,11,0.0,0.0,False,False
11,6,1,COMMON_BIAS,channel0,faithful,1,[36],True,True,1.0,36,11,0.125,0.0,True,True
11,6,1,COMMON_BIAS,median,faithful,1,[36],True,True,1.0,36,11,0.125,0.0,True,True
11,6,1,COMMON_BIAS,channel2,faithful,1,[36],True,True,1.0,36,11,0.125,0.0,True,True
12,0,0,NOMINAL,channel0,faithful,1,[36],True,True,1.0,36,7,0.0,0.0,True,False
12,0,0,NOMINAL,median,faithful,1,[7],False,False,0.0,7,7,0.0,0.0,False,False
12,0,0,NOMINAL,channel2,faithful,1,[11],False,False,0.0,11,11,0.0,0.0,False,False
12,0,0,PHYSICAL_SHIFT,channel0,nominal,1,[36],True,True,1.0,36,7,0.0,0.0,True,False
12,0,0,PHYSICAL_SHIFT,median,nominal,1,[7],False,False,0.0,7,7,0.0,0.0,False,False
12,0,0,PHYSICAL_SHIFT,channel2,nominal,1,[11],False,False,0.0,11,11,0.0,0.0,False,False
12,0,0,COMMON_BIAS,channel0,faithful,1,[36],True,True,1.0,36,7,0.0,0.0,True,False
12,0,0,COMMON_BIAS,median,faithful,1,[7],False,False,0.0,7,7,0.0,0.0,False,False
12,0,0,COMMON_BIAS,channel2,faithful,1,[11],False,False,0.0,11,11,0.0,0.0,False,False
12,0,1,NOMINAL,channel0,faithful,1,[36],True,True,1.0,36,7,0.0,0.0,True,False
12,0,1,NOMINAL,median,faithful,1,[7],False,False,0.0,7,7,0.0,0.0,False,False
12,0,1,NOMINAL,channel2,faithful,1,[11],False,False,0.0,11,11,0.0,0.0,False,False
12,0,1,PHYSICAL_SHIFT,channel0,nominal,1,[36],True,True,1.0,36,7,0.0,0.0,True,False
12,0,1,PHYSICAL_SHIFT,median,nominal,1,[7],False,False,0.0,7,7,0.0,0.0,False,False
12,0,1,PHYSICAL_SHIFT,channel2,nominal,1,[11],False,False,0.0,11,11,0.0,0.0,False,False
12,0,1,COMMON_BIAS,channel0,faithful,1,[36],True,True,1.0,36,7,0.0,0.0,True,False
12,0,1,COMMON_BIAS,median,faithful,1,[7],False,False,0.0,7,7,0.0,0.0,False,False
12,0,1,COMMON_BIAS,channel2,faithful,1,[11],False,False,0.0,11,11,0.0,0.0,False,False
12,6,0,NOMINAL,channel0,faithful,1,[36],True,True,1.0,36,11,0.0,0.0,True,False
12,6,0,NOMINAL,median,faithful,1,[11],False,False,0.0,11,11,0.0,0.0,False,False
12,6,0,NOMINAL,channel2,faithful,1,[11],False,False,0.0,11,11,0.0,0.0,False,False
12,6,0,PHYSICAL_SHIFT,channel0,nominal,1,[36],True,True,1.0,36,11,0.0,0.0,True,False
12,6,0,PHYSICAL_SHIFT,median,nominal,1,[11],False,False,0.0,11,11,0.0,0.0,False,False
12,6,0,PHYSICAL_SHIFT,channel2,nominal,1,[11],False,False,0.0,11,11,0.0,0.0,False,False
12,6,0,COMMON_BIAS,channel0,faithful,1,[36],True,True,1.0,36,11,0.0,0.0,True,False
12,6,0,COMMON_BIAS,median,faithful,1,[36],True,True,1.0,36,11,0.0,0.0,True,False
12,6,0,COMMON_BIAS,channel2,faithful,1,[36],True,True,1.0,36,11,0.0,0.0,True,False
12,6,1,NOMINAL,channel0,faithful,1,[36],True,True,1.0,36,11,0.0,0.0,True,False
12,6,1,NOMINAL,median,faithful,1,[11],False,False,0.0,11,11,0.0,0.0,False,False
12,6,1,NOMINAL,channel2,faithful,1,[11],False,False,0.0,11,11,0.0,0.0,False,False
12,6,1,PHYSICAL_SHIFT,channel0,nominal,1,[36],True,True,1.0,36,11,0.0,0.0,True,False
12,6,1,PHYSICAL_SHIFT,median,nominal,1,[11],False,False,0.0,11,11,0.0,0.0,False,False
12,6,1,PHYSICAL_SHIFT,channel2,nominal,1,[11],False,False,0.0,11,11,0.0,0.0,False,False
12,6,1,COMMON_BIAS,channel0,faithful,1,[36],True,True,1.0,36,11,0.0,0.0,True,False
12,6,1,COMMON_BIAS,median,faithful,1,[36],True,True,1.0,36,11,0.0,0.0,True,False
12,6,1,COMMON_BIAS,channel2,faithful,1,[36],True,True,1.0,36,11,0.0,0.0,True,False
13,0,0,NOMINAL,channel0,faithful,1,[20],True,True,1.0,20,7,0.0,0.0,True,False
13,0,0,NOMINAL,median,faithful,1,[7],False,False,0.0,7,7,0.0,0.0,False,False
13,0,0,NOMINAL,channel2,faithful,1,[7],False,False,0.0,7,7,0.0,0.0,False,False
13,0,0,PHYSICAL_SHIFT,channel0,nominal,1,[20],True,True,1.0,20,7,0.0,0.0,True,False
13,0,0,PHYSICAL_SHIFT,median,nominal,1,[7],False,False,0.0,7,7,0.0,0.0,False,False
13,0,0,PHYSICAL_SHIFT,channel2,nominal,1,[7],False,False,0.0,7,7,0.0,0.0,False,False
13,0,0,COMMON_BIAS,channel0,faithful,1,[20],True,True,1.0,20,7,0.0,0.0,True,False
13,0,0,COMMON_BIAS,median,faithful,1,[7],False,False,0.0,7,7,0.0,0.0,False,False
13,0,0,COMMON_BIAS,channel2,faithful,1,[7],False,False,0.0,7,7,0.0,0.0,False,False
13,0,1,NOMINAL,channel0,faithful,1,[20],True,True,1.0,20,7,0.125,0.0,True,True
13,0,1,NOMINAL,median,faithful,1,[7],False,False,0.0,7,7,0.0,0.0,False,False
13,0,1,NOMINAL,channel2,faithful,1,[7],False,False,0.0,7,7,0.0,0.0,False,False
13,0,1,PHYSICAL_SHIFT,channel0,nominal,1,[20],True,True,1.0,20,7,0.125,0.0,True,True
13,0,1,PHYSICAL_SHIFT,median,nominal,1,[7],False,False,0.0,7,7,0.0,0.0,False,False
13,0,1,PHYSICAL_SHIFT,channel2,nominal,1,[7],False,False,0.0,7,7,0.0,0.0,False,False
13,0,1,COMMON_BIAS,channel0,faithful,1,[20],True,True,1.0,20,7,0.125,0.0,True,True
13,0,1,COMMON_BIAS,median,faithful,1,[7],False,False,0.0,7,7,0.0,0.0,False,False
13,0,1,COMMON_BIAS,channel2,faithful,1,[7],False,False,0.0,7,7,0.0,0.0,False,False
13,6,0,NOMINAL,channel0,faithful,1,[20],True,True,1.0,20,7,0.125,0.0,True,True
13,6,0,NOMINAL,median,faithful,1,[7],False,False,0.0,7,7,0.0,0.0,False,False
13,6,0,NOMINAL,channel2,faithful,1,[7],False,False,0.0,7,7,0.0,0.0,False,False
13,6,0,PHYSICAL_SHIFT,channel0,nominal,1,[20],True,True,1.0,20,7,0.125,0.0,True,True
13,6,0,PHYSICAL_SHIFT,median,nominal,1,[7],False,False,0.0,7,7,0.0,0.0,False,False
13,6,0,PHYSICAL_SHIFT,channel2,nominal,1,[7],False,False,0.0,7,7,0.0,0.0,False,False
13,6,0,COMMON_BIAS,channel0,faithful,1,[20],True,True,1.0,20,7,0.125,0.0,True,True
13,6,0,COMMON_BIAS,median,faithful,1,[20],True,True,1.0,20,7,0.125,0.0,True,True
13,6,0,COMMON_BIAS,channel2,faithful,1,[20],True,True,1.0,20,7,0.125,0.0,True,True
13,6,1,NOMINAL,channel0,faithful,1,[20],True,True,1.0,20,7,0.125,0.0,True,True
13,6,1,NOMINAL,median,faithful,1,[7],False,False,0.0,7,7,0.0,0.0,False,False
13,6,1,NOMINAL,channel2,faithful,1,[7],False,False,0.0,7,7,0.0,0.0,False,False
13,6,1,PHYSICAL_SHIFT,channel0,nominal,1,[20],True,True,1.0,20,7,0.25,0.0,True,True
13,6,1,PHYSICAL_SHIFT,median,nominal,1,[7],False,False,0.0,7,7,0.0,0.0,False,False
13,6,1,PHYSICAL_SHIFT,channel2,nominal,1,[7],False,False,0.0,7,7,0.0,0.0,False,False
13,6,1,COMMON_BIAS,channel0,faithful,1,[20],True,True,1.0,20,7,0.125,0.0,True,True
13,6,1,COMMON_BIAS,median,faithful,1,[20],True,True,1.0,20,7,0.125,0.0,True,True
13,6,1,COMMON_BIAS,channel2,faithful,1,[20],True,True,1.0,20,7,0.125,0.0,True,True
14,0,0,NOMINAL,channel0,faithful,1,[20],True,True,1.0,20,7,0.125,0.0,True,True
14,0,0,NOMINAL,median,faithful,1,[7],False,False,0.0,7,7,0.0,0.0,False,False
14,0,0,NOMINAL,channel2,faithful,1,[7],False,False,0.0,7,7,0.0,0.0,False,False
14,0,0,PHYSICAL_SHIFT,channel0,nominal,1,[20],True,True,1.0,20,7,0.125,0.0,True,True
14,0,0,PHYSICAL_SHIFT,median,nominal,1,[7],False,False,0.0,7,7,0.0,0.0,False,False
14,0,0,PHYSICAL_SHIFT,channel2,nominal,1,[7],False,False,0.0,7,7,0.0,0.0,False,False
14,0,0,COMMON_BIAS,channel0,faithful,1,[20],True,True,1.0,20,7,0.125,0.0,True,True
14,0,0,COMMON_BIAS,median,faithful,1,[7],False,False,0.0,7,7,0.0,0.0,False,False
14,0,0,COMMON_BIAS,channel2,faithful,1,[7],False,False,0.0,7,7,0.0,0.0,False,False
14,0,1,NOMINAL,channel0,faithful,1,[20],True,True,1.0,20,7,0.125,0.0,True,True
14,0,1,NOMINAL,median,faithful,1,[7],False,False,0.0,7,7,0.0,0.0,False,False
14,0,1,NOMINAL,channel2,faithful,1,[7],False,False,0.0,7,7,0.0,0.0,False,False
14,0,1,PHYSICAL_SHIFT,channel0,nominal,1,[20],True,True,1.0,20,7,0.125,0.0,True,True
14,0,1,PHYSICAL_SHIFT,median,nominal,1,[7],False,False,0.0,7,7,0.0,0.0,False,False
14,0,1,PHYSICAL_SHIFT,channel2,nominal,1,[7],False,False,0.0,7,7,0.0,0.0,False,False
14,0,1,COMMON_BIAS,channel0,faithful,1,[20],True,True,1.0,20,7,0.125,0.0,True,True
14,0,1,COMMON_BIAS,median,faithful,1,[7],False,False,0.0,7,7,0.0,0.0,False,False
14,0,1,COMMON_BIAS,channel2,faithful,1,[7],False,False,0.0,7,7,0.0,0.0,False,False
14,6,0,NOMINAL,channel0,faithful,1,[20],True,True,1.0,20,7,0.125,0.0,True,True
14,6,0,NOMINAL,median,faithful,1,[7],False,False,0.0,7,7,0.0,0.0,False,False
14,6,0,NOMINAL,channel2,faithful,1,[7],False,False,0.0,7,7,0.0,0.0,False,False
14,6,0,PHYSICAL_SHIFT,channel0,nominal,1,[20],True,True,1.0,20,7,0.125,0.0,True,True
14,6,0,PHYSICAL_SHIFT,median,nominal,1,[7],False,False,0.0,7,7,0.0,0.0,False,False
14,6,0,PHYSICAL_SHIFT,channel2,nominal,1,[7],False,False,0.0,7,7,0.0,0.0,False,False
14,6,0,COMMON_BIAS,channel0,faithful,1,[20],True,True,1.0,20,7,0.125,0.0,True,True
14,6,0,COMMON_BIAS,median,faithful,1,[20],True,True,1.0,20,7,0.125,0.0,True,True
14,6,0,COMMON_BIAS,channel2,faithful,1,[20],True,True,1.0,20,7,0.125,0.0,True,True
14,6,1,NOMINAL,channel0,faithful,1,[20],True,True,1.0,20,7,0.125,0.0,True,True
14,6,1,NOMINAL,median,faithful,1,[7],False,False,0.0,7,7,0.0,0.0,False,False
14,6,1,NOMINAL,channel2,faithful,1,[7],False,False,0.0,7,7,0.0,0.0,False,False
14,6,1,PHYSICAL_SHIFT,channel0,nominal,1,[20],True,True,1.0,20,7,0.125,0.0,True,True
14,6,1,PHYSICAL_SHIFT,median,nominal,1,[7],False,False,0.0,7,7,0.0,0.0,False,False
14,6,1,PHYSICAL_SHIFT,channel2,nominal,1,[7],False,False,0.0,7,7,0.0,0.0,False,False
14,6,1,COMMON_BIAS,channel0,faithful,1,[20],True,True,1.0,20,7,0.125,0.0,True,True
14,6,1,COMMON_BIAS,median,faithful,1,[20],True,True,1.0,20,7,0.125,0.0,True,True
14,6,1,COMMON_BIAS,channel2,faithful,1,[20],True,True,1.0,20,7,0.125,0.0,True,True
15,0,0,NOMINAL,channel0,faithful,1,[36],True,True,1.0,36,11,0.25,0.0,True,True
15,0,0,NOMINAL,median,faithful,1,[11],False,False,0.0,11,11,0.0,0.0,False,False
15,0,0,NOMINAL,channel2,faithful,1,[11],False,False,0.0,11,11,0.0,0.0,False,False
15,0,0,PHYSICAL_SHIFT,channel0,nominal,1,[36],True,True,1.0,36,11,0.25,0.0,True,True
15,0,0,PHYSICAL_SHIFT,median,nominal,1,[11],False,False,0.0,11,11,0.0,0.0,False,False
15,0,0,PHYSICAL_SHIFT,channel2,nominal,1,[11],False,False,0.0,11,11,0.0,0.0,False,False
15,0,0,COMMON_BIAS,channel0,faithful,1,[36],True,True,1.0,36,11,0.25,0.0,True,True
15,0,0,COMMON_BIAS,median,faithful,1,[11],False,False,0.0,11,11,0.0,0.0,False,False
15,0,0,COMMON_BIAS,channel2,faithful,1,[11],False,False,0.0,11,11,0.0,0.0,False,False
15,0,1,NOMINAL,channel0,faithful,1,[36],True,True,1.0,36,11,0.25,0.0,True,True
15,0,1,NOMINAL,median,faithful,1,[11],False,False,0.0,11,11,0.0,0.0,False,False
15,0,1,NOMINAL,channel2,faithful,1,[11],False,False,0.0,11,11,0.0,0.0,False,False
15,0,1,PHYSICAL_SHIFT,channel0,nominal,1,[36],True,True,1.0,36,11,0.25,0.0,True,True
15,0,1,PHYSICAL_SHIFT,median,nominal,1,[11],False,False,0.0,11,11,0.0,0.0,False,False
15,0,1,PHYSICAL_SHIFT,channel2,nominal,1,[11],False,False,0.0,11,11,0.0,0.0,False,False
15,0,1,COMMON_BIAS,channel0,faithful,1,[36],True,True,1.0,36,11,0.25,0.0,True,True
15,0,1,COMMON_BIAS,median,faithful,1,[11],False,False,0.0,11,11,0.0,0.0,False,False
15,0,1,COMMON_BIAS,channel2,faithful,1,[11],False,False,0.0,11,11,0.0,0.0,False,False
15,6,0,NOMINAL,channel0,faithful,1,[36],True,True,1.0,36,11,0.25,0.0,True,True
15,6,0,NOMINAL,median,faithful,1,[11],False,False,0.0,11,11,0.0,0.0,False,False
15,6,0,NOMINAL,channel2,faithful,1,[11],False,False,0.0,11,11,0.0,0.0,False,False
15,6,0,PHYSICAL_SHIFT,channel0,nominal,1,[36],True,True,1.0,36,11,0.25,0.0,True,True
15,6,0,PHYSICAL_SHIFT,median,nominal,1,[11],False,False,0.0,11,11,0.0,0.0,False,False
15,6,0,PHYSICAL_SHIFT,channel2,nominal,1,[11],False,False,0.0,11,11,0.0,0.0,False,False
15,6,0,COMMON_BIAS,channel0,faithful,1,[36],True,True,1.0,36,11,0.25,0.0,True,True
15,6,0,COMMON_BIAS,median,faithful,1,[36],True,True,1.0,36,11,0.25,0.0,True,True
15,6,0,COMMON_BIAS,channel2,faithful,1,[36],True,True,1.0,36,11,0.25,0.0,True,True
15,6,1,NOMINAL,channel0,faithful,1,[36],True,True,1.0,36,11,0.25,0.0,True,True
15,6,1,NOMINAL,median,faithful,1,[11],False,False,0.0,11,11,0.0,0.0,False,False
15,6,1,NOMINAL,channel2,faithful,1,[11],False,False,0.0,11,11,0.0,0.0,False,False
15,6,1,PHYSICAL_SHIFT,channel0,nominal,1,[36],True,True,1.0,36,11,0.25,0.0,True,True
15,6,1,PHYSICAL_SHIFT,median,nominal,1,[11],False,False,0.0,11,11,0.0,0.0,False,False
15,6,1,PHYSICAL_SHIFT,channel2,nominal,1,[11],False,False,0.0,11,11,0.0,0.0,False,False
15,6,1,COMMON_BIAS,channel0,faithful,1,[36],True,True,1.0,36,11,0.25,0.0,True,True
15,6,1,COMMON_BIAS,median,faithful,1,[36],True,True,1.0,36,11,0.25,0.0,True,True
15,6,1,COMMON_BIAS,channel2,faithful,1,[36],True,True,1.0,36,11,0.25,0.0,True,True
16,0,0,NOMINAL,channel0,faithful,1,[36],True,True,1.0,36,11,0.25,0.25,True,False
16,0,0,NOMINAL,median,faithful,1,[11],False,False,0.0,11,11,0.25,0.25,False,False
16,0,0,NOMINAL,channel2,faithful,1,[11],False,False,0.0,11,11,0.25,0.25,False,False
16,0,0,PHYSICAL_SHIFT,channel0,nominal,1,[36],True,True,1.0,36,11,0.25,0.25,True,False
16,0,0,PHYSICAL_SHIFT,median,nominal,1,[11],False,False,0.0,11,11,0.25,0.25,False,False
16,0,0,PHYSICAL_SHIFT,channel2,nominal,1,[11],False,False,0.0,11,11,0.25,0.25,False,False
16,0,0,COMMON_BIAS,channel0,faithful,1,[36],True,True,1.0,36,11,0.25,0.25,True,False
16,0,0,COMMON_BIAS,median,faithful,1,[11],False,False,0.0,11,11,0.25,0.25,False,False
16,0,0,COMMON_BIAS,channel2,faithful,1,[11],False,False,0.0,11,11,0.25,0.25,False,False
16,0,1,NOMINAL,channel0,faithful,1,[36],True,True,1.0,36,11,0.25,0.25,True,False
16,0,1,NOMINAL,median,faithful,1,[11],False,False,0.0,11,11,0.25,0.25,False,False
16,0,1,NOMINAL,channel2,faithful,1,[11],False,False,0.0,11,11,0.25,0.25,False,False
16,0,1,PHYSICAL_SHIFT,channel0,nominal,1,[36],True,True,1.0,36,11,0.25,0.25,True,False
16,0,1,PHYSICAL_SHIFT,median,nominal,1,[11],False,False,0.0,11,11,0.25,0.25,False,False
16,0,1,PHYSICAL_SHIFT,channel2,nominal,1,[11],False,False,0.0,11,11,0.25,0.25,False,False
16,0,1,COMMON_BIAS,channel0,faithful,1,[36],True,True,1.0,36,11,0.25,0.25,True,False
16,0,1,COMMON_BIAS,median,faithful,1,[11],False,False,0.0,11,11,0.25,0.25,False,False
16,0,1,COMMON_BIAS,channel2,faithful,1,[11],False,False,0.0,11,11,0.25,0.25,False,False
16,6,0,NOMINAL,channel0,faithful,1,[36],True,True,1.0,36,11,0.25,0.25,True,False
16,6,0,NOMINAL,median,faithful,1,[11],False,False,0.0,11,11,0.25,0.25,False,False
16,6,0,NOMINAL,channel2,faithful,1,[11],False,False,0.0,11,11,0.25,0.25,False,False
16,6,0,PHYSICAL_SHIFT,channel0,nominal,1,[36],True,True,1.0,36,11,0.25,0.25,True,False
16,6,0,PHYSICAL_SHIFT,median,nominal,1,[11],False,False,0.0,11,11,0.25,0.25,False,False
16,6,0,PHYSICAL_SHIFT,channel2,nominal,1,[11],False,False,0.0,11,11,0.25,0.25,False,False
16,6,0,COMMON_BIAS,channel0,faithful,1,[36],True,True,1.0,36,11,0.25,0.25,True,False
16,6,0,COMMON_BIAS,median,faithful,1,[36],True,True,1.0,36,11,0.25,0.25,True,False
16,6,0,COMMON_BIAS,channel2,faithful,1,[36],True,True,1.0,36,11,0.25,0.25,True,False
16,6,1,NOMINAL,channel0,faithful,1,[36],True,True,1.0,36,11,0.25,0.25,True,False
16,6,1,NOMINAL,median,faithful,1,[11],False,False,0.0,11,11,0.25,0.25,False,False
16,6,1,NOMINAL,channel2,faithful,1,[11],False,False,0.0,11,11,0.25,0.25,False,False
16,6,1,PHYSICAL_SHIFT,channel0,nominal,1,[36],True,True,1.0,36,11,0.375,0.25,True,True
16,6,1,PHYSICAL_SHIFT,median,nominal,1,[11],False,False,0.0,11,11,0.25,0.25,False,False
16,6,1,PHYSICAL_SHIFT,channel2,nominal,1,[11],False,False,0.0,11,11,0.25,0.25,False,False
16,6,1,COMMON_BIAS,channel0,faithful,1,[36],True,True,1.0,36,11,0.25,0.25,True,False
16,6,1,COMMON_BIAS,median,faithful,1,[36],True,True,1.0,36,11,0.25,0.25,True,False
16,6,1,COMMON_BIAS,channel2,faithful,1,[36],True,True,1.0,36,11,0.25,0.25,True,False
17,0,0,NOMINAL,channel0,faithful,1,[36],True,True,1.0,36,11,0.125,0.0,True,True
17,0,0,NOMINAL,median,faithful,1,[11],False,False,0.0,11,11,0.0,0.0,False,False
17,0,0,NOMINAL,channel2,faithful,1,[11],False,False,0.0,11,11,0.0,0.0,False,False
17,0,0,PHYSICAL_SHIFT,channel0,nominal,1,[36],True,True,1.0,36,11,0.125,0.0,True,True
17,0,0,PHYSICAL_SHIFT,median,nominal,1,[11],False,False,0.0,11,11,0.0,0.0,False,False
17,0,0,PHYSICAL_SHIFT,channel2,nominal,1,[11],False,False,0.0,11,11,0.0,0.0,False,False
17,0,0,COMMON_BIAS,channel0,faithful,1,[36],True,True,1.0,36,11,0.125,0.0,True,True
17,0,0,COMMON_BIAS,median,faithful,1,[11],False,False,0.0,11,11,0.0,0.0,False,False
17,0,0,COMMON_BIAS,channel2,faithful,1,[11],False,False,0.0,11,11,0.0,0.0,False,False
17,0,1,NOMINAL,channel0,faithful,1,[36],True,True,1.0,36,11,0.25,0.0,True,True
17,0,1,NOMINAL,median,faithful,1,[11],False,False,0.0,11,11,0.0,0.0,False,False
17,0,1,NOMINAL,channel2,faithful,1,[11],False,False,0.0,11,11,0.0,0.0,False,False
17,0,1,PHYSICAL_SHIFT,channel0,nominal,1,[36],True,True,1.0,36,11,0.25,0.0,True,True
17,0,1,PHYSICAL_SHIFT,median,nominal,1,[11],False,False,0.0,11,11,0.0,0.0,False,False
17,0,1,PHYSICAL_SHIFT,channel2,nominal,1,[11],False,False,0.0,11,11,0.0,0.0,False,False
17,0,1,COMMON_BIAS,channel0,faithful,1,[36],True,True,1.0,36,11,0.25,0.0,True,True
17,0,1,COMMON_BIAS,median,faithful,1,[11],False,False,0.0,11,11,0.0,0.0,False,False
17,0,1,COMMON_BIAS,channel2,faithful,1,[11],False,False,0.0,11,11,0.0,0.0,False,False
17,6,0,NOMINAL,channel0,faithful,1,[36],True,True,1.0,36,11,0.125,0.0,True,True
17,6,0,NOMINAL,median,faithful,1,[11],False,False,0.0,11,11,0.0,0.0,False,False
17,6,0,NOMINAL,channel2,faithful,1,[11],False,False,0.0,11,11,0.0,0.0,False,False
17,6,0,PHYSICAL_SHIFT,channel0,nominal,1,[36],True,True,1.0,36,11,0.125,0.0,True,True
17,6,0,PHYSICAL_SHIFT,median,nominal,1,[11],False,False,0.0,11,11,0.0,0.0,False,False
17,6,0,PHYSICAL_SHIFT,channel2,nominal,1,[11],False,False,0.0,11,11,0.0,0.0,False,False
17,6,0,COMMON_BIAS,channel0,faithful,1,[36],True,True,1.0,36,11,0.125,0.0,True,True
17,6,0,COMMON_BIAS,median,faithful,1,[36],True,True,1.0,36,11,0.125,0.0,True,True
17,6,0,COMMON_BIAS,channel2,faithful,1,[36],True,True,1.0,36,11,0.125,0.0,True,True
17,6,1,NOMINAL,channel0,faithful,1,[36],True,True,1.0,36,11,0.25,0.0,True,True
17,6,1,NOMINAL,median,faithful,1,[11],False,False,0.0,11,11,0.0,0.0,False,False
17,6,1,NOMINAL,channel2,faithful,1,[11],False,False,0.0,11,11,0.0,0.0,False,False
17,6,1,PHYSICAL_SHIFT,channel0,nominal,1,[36],True,True,1.0,36,11,0.375,0.0,True,True
17,6,1,PHYSICAL_SHIFT,median,nominal,1,[11],False,False,0.0,11,11,0.0,0.0,False,False
17,6,1,PHYSICAL_SHIFT,channel2,nominal,1,[11],False,False,0.0,11,11,0.0,0.0,False,False
17,6,1,COMMON_BIAS,channel0,faithful,1,[36],True,True,1.0,36,11,0.25,0.0,True,True
17,6,1,COMMON_BIAS,median,faithful,1,[36],True,True,1.0,36,11,0.25,0.0,True,True
17,6,1,COMMON_BIAS,channel2,faithful,1,[36],True,True,1.0,36,11,0.25,0.0,True,True
18,0,0,NOMINAL,channel0,faithful,1,[20],True,True,1.0,20,7,0.125,0.0,True,True
18,0,0,NOMINAL,median,faithful,1,[7],False,False,0.0,7,7,0.0,0.0,False,False
18,0,0,NOMINAL,channel2,faithful,1,[7],False,False,0.0,7,7,0.0,0.0,False,False
18,0,0,PHYSICAL_SHIFT,channel0,nominal,1,[20],True,True,1.0,20,7,0.125,0.0,True,True
18,0,0,PHYSICAL_SHIFT,median,nominal,1,[7],False,False,0.0,7,7,0.0,0.0,False,False
18,0,0,PHYSICAL_SHIFT,channel2,nominal,1,[7],False,False,0.0,7,7,0.0,0.0,False,False
18,0,0,COMMON_BIAS,channel0,faithful,1,[20],True,True,1.0,20,7,0.125,0.0,True,True
18,0,0,COMMON_BIAS,median,faithful,1,[7],False,False,0.0,7,7,0.0,0.0,False,False
18,0,0,COMMON_BIAS,channel2,faithful,1,[7],False,False,0.0,7,7,0.0,0.0,False,False
18,0,1,NOMINAL,channel0,faithful,1,[20],True,True,1.0,20,7,0.125,0.0,True,True
18,0,1,NOMINAL,median,faithful,1,[7],False,False,0.0,7,7,0.0,0.0,False,False
18,0,1,NOMINAL,channel2,faithful,1,[7],False,False,0.0,7,7,0.0,0.0,False,False
18,0,1,PHYSICAL_SHIFT,channel0,nominal,1,[20],True,True,1.0,20,7,0.125,0.0,True,True
18,0,1,PHYSICAL_SHIFT,median,nominal,1,[7],False,False,0.0,7,7,0.0,0.0,False,False
18,0,1,PHYSICAL_SHIFT,channel2,nominal,1,[7],False,False,0.0,7,7,0.0,0.0,False,False
18,0,1,COMMON_BIAS,channel0,faithful,1,[20],True,True,1.0,20,7,0.125,0.0,True,True
18,0,1,COMMON_BIAS,median,faithful,1,[7],False,False,0.0,7,7,0.0,0.0,False,False
18,0,1,COMMON_BIAS,channel2,faithful,1,[7],False,False,0.0,7,7,0.0,0.0,False,False
18,6,0,NOMINAL,channel0,faithful,1,[20],True,True,1.0,20,7,0.125,0.0,True,True
18,6,0,NOMINAL,median,faithful,1,[7],False,False,0.0,7,7,0.0,0.0,False,False
18,6,0,NOMINAL,channel2,faithful,1,[7],False,False,0.0,7,7,0.0,0.0,False,False
18,6,0,PHYSICAL_SHIFT,channel0,nominal,1,[20],True,True,1.0,20,7,0.125,0.0,True,True
18,6,0,PHYSICAL_SHIFT,median,nominal,1,[7],False,False,0.0,7,7,0.0,0.0,False,False
18,6,0,PHYSICAL_SHIFT,channel2,nominal,1,[7],False,False,0.0,7,7,0.0,0.0,False,False
18,6,0,COMMON_BIAS,channel0,faithful,1,[20],True,True,1.0,20,7,0.125,0.0,True,True
18,6,0,COMMON_BIAS,median,faithful,1,[20],True,True,1.0,20,7,0.125,0.0,True,True
18,6,0,COMMON_BIAS,channel2,faithful,1,[20],True,True,1.0,20,7,0.125,0.0,True,True
18,6,1,NOMINAL,channel0,faithful,1,[20],True,True,1.0,20,7,0.125,0.0,True,True
18,6,1,NOMINAL,median,faithful,1,[7],False,False,0.0,7,7,0.0,0.0,False,False
18,6,1,NOMINAL,channel2,faithful,1,[7],False,False,0.0,7,7,0.0,0.0,False,False
18,6,1,PHYSICAL_SHIFT,channel0,nominal,1,[20],True,True,1.0,20,7,0.125,0.0,True,True
18,6,1,PHYSICAL_SHIFT,median,nominal,1,[7],False,False,0.0,7,7,0.0,0.0,False,False
18,6,1,PHYSICAL_SHIFT,channel2,nominal,1,[7],False,False,0.0,7,7,0.0,0.0,False,False
18,6,1,COMMON_BIAS,channel0,faithful,1,[20],True,True,1.0,20,7,0.125,0.0,True,True
18,6,1,COMMON_BIAS,median,faithful,1,[20],True,True,1.0,20,7,0.125,0.0,True,True
18,6,1,COMMON_BIAS,channel2,faithful,1,[20],True,True,1.0,20,7,0.125,0.0,True,True
19,0,0,NOMINAL,channel0,faithful,1,[20],True,True,1.0,20,11,0.0,0.0,True,False
19,0,0,NOMINAL,median,faithful,1,[11],False,False,0.0,11,11,0.0,0.0,False,False
19,0,0,NOMINAL,channel2,faithful,1,[11],False,False,0.0,11,11,0.0,0.0,False,False
19,0,0,PHYSICAL_SHIFT,channel0,nominal,1,[20],True,True,1.0,20,11,0.0,0.0,True,False
19,0,0,PHYSICAL_SHIFT,median,nominal,1,[11],False,False,0.0,11,11,0.0,0.0,False,False
19,0,0,PHYSICAL_SHIFT,channel2,nominal,1,[11],False,False,0.0,11,11,0.0,0.0,False,False
19,0,0,COMMON_BIAS,channel0,faithful,1,[20],True,True,1.0,20,11,0.0,0.0,True,False
19,0,0,COMMON_BIAS,median,faithful,1,[11],False,False,0.0,11,11,0.0,0.0,False,False
19,0,0,COMMON_BIAS,channel2,faithful,1,[11],False,False,0.0,11,11,0.0,0.0,False,False
19,0,1,NOMINAL,channel0,faithful,1,[20],True,True,1.0,20,11,0.125,0.0,True,True
19,0,1,NOMINAL,median,faithful,1,[11],False,False,0.0,11,11,0.0,0.0,False,False
19,0,1,NOMINAL,channel2,faithful,1,[11],False,False,0.0,11,11,0.0,0.0,False,False
19,0,1,PHYSICAL_SHIFT,channel0,nominal,1,[20],True,True,1.0,20,11,0.125,0.0,True,True
19,0,1,PHYSICAL_SHIFT,median,nominal,1,[11],False,False,0.0,11,11,0.0,0.0,False,False
19,0,1,PHYSICAL_SHIFT,channel2,nominal,1,[11],False,False,0.0,11,11,0.0,0.0,False,False
19,0,1,COMMON_BIAS,channel0,faithful,1,[20],True,True,1.0,20,11,0.125,0.0,True,True
19,0,1,COMMON_BIAS,median,faithful,1,[11],False,False,0.0,11,11,0.0,0.0,False,False
19,0,1,COMMON_BIAS,channel2,faithful,1,[11],False,False,0.0,11,11,0.0,0.0,False,False
19,6,0,NOMINAL,channel0,faithful,1,[20],True,True,1.0,20,11,0.0,0.0,True,False
19,6,0,NOMINAL,median,faithful,1,[11],False,False,0.0,11,11,0.0,0.0,False,False
19,6,0,NOMINAL,channel2,faithful,1,[11],False,False,0.0,11,11,0.0,0.0,False,False
19,6,0,PHYSICAL_SHIFT,channel0,nominal,1,[20],True,True,1.0,20,11,0.0,0.0,True,False
19,6,0,PHYSICAL_SHIFT,median,nominal,1,[11],False,False,0.0,11,11,0.0,0.0,False,False
19,6,0,PHYSICAL_SHIFT,channel2,nominal,1,[11],False,False,0.0,11,11,0.0,0.0,False,False
19,6,0,COMMON_BIAS,channel0,faithful,1,[20],True,True,1.0,20,11,0.0,0.0,True,False
19,6,0,COMMON_BIAS,median,faithful,1,[20],True,True,1.0,20,11,0.0,0.0,True,False
19,6,0,COMMON_BIAS,channel2,faithful,1,[20],True,True,1.0,20,11,0.0,0.0,True,False
19,6,1,NOMINAL,channel0,faithful,1,[20],True,True,1.0,20,11,0.125,0.0,True,True
19,6,1,NOMINAL,median,faithful,1,[11],False,False,0.0,11,11,0.0,0.0,False,False
19,6,1,NOMINAL,channel2,faithful,1,[11],False,False,0.0,11,11,0.0,0.0,False,False
19,6,1,PHYSICAL_SHIFT,channel0,nominal,1,[20],True,True,1.0,20,11,0.125,0.0,True,True
19,6,1,PHYSICAL_SHIFT,median,nominal,1,[11],False,False,0.0,11,11,0.0,0.0,False,False
19,6,1,PHYSICAL_SHIFT,channel2,nominal,1,[11],False,False,0.0,11,11,0.0,0.0,False,False
19,6,1,COMMON_BIAS,channel0,faithful,1,[20],True,True,1.0,20,11,0.125,0.0,True,True
19,6,1,COMMON_BIAS,median,faithful,1,[20],True,True,1.0,20,11,0.125,0.0,True,True
19,6,1,COMMON_BIAS,channel2,faithful,1,[20],True,True,1.0,20,11,0.125,0.0,True,True
20,0,0,NOMINAL,channel0,faithful,2,"[20, 36]",True,True,1.0,20,20,0.0,0.0,False,False
20,0,0,NOMINAL,median,faithful,2,"[20, 36]",True,True,1.0,20,20,0.0,0.0,False,False
20,0,0,NOMINAL,channel2,faithful,2,"[20, 36]",True,True,1.0,20,20,0.0,0.0,False,False
20,0,0,PHYSICAL_SHIFT,channel0,nominal,2,"[20, 36]",True,True,1.0,20,20,0.0,0.0,False,False
20,0,0,PHYSICAL_SHIFT,median,nominal,2,"[20, 36]",True,True,1.0,20,20,0.0,0.0,False,False
20,0,0,PHYSICAL_SHIFT,channel2,nominal,2,"[20, 36]",True,True,1.0,20,20,0.0,0.0,False,False
20,0,0,COMMON_BIAS,channel0,faithful,2,"[20, 36]",True,True,1.0,20,20,0.0,0.0,False,False
20,0,0,COMMON_BIAS,median,faithful,2,"[20, 36]",True,True,1.0,20,20,0.0,0.0,False,False
20,0,0,COMMON_BIAS,channel2,faithful,2,"[20, 36]",True,True,1.0,20,20,0.0,0.0,False,False
20,0,1,NOMINAL,channel0,faithful,2,"[20, 36]",True,True,1.0,20,20,0.0,0.0,False,False
20,0,1,NOMINAL,median,faithful,1,[20],True,True,1.0,20,20,0.0,0.0,False,False
20,0,1,NOMINAL,channel2,faithful,1,[20],True,True,1.0,20,20,0.0,0.0,False,False
20,0,1,PHYSICAL_SHIFT,channel0,nominal,2,"[20, 36]",True,True,1.0,20,20,0.0,0.0,False,False
20,0,1,PHYSICAL_SHIFT,median,nominal,1,[20],True,True,1.0,20,20,0.0,0.0,False,False
20,0,1,PHYSICAL_SHIFT,channel2,nominal,1,[20],True,True,1.0,20,20,0.0,0.0,False,False
20,0,1,COMMON_BIAS,channel0,faithful,2,"[20, 36]",True,True,1.0,20,20,0.0,0.0,False,False
20,0,1,COMMON_BIAS,median,faithful,1,[20],True,True,1.0,20,20,0.0,0.0,False,False
20,0,1,COMMON_BIAS,channel2,faithful,1,[20],True,True,1.0,20,20,0.0,0.0,False,False
20,6,0,NOMINAL,channel0,faithful,2,"[20, 36]",True,True,1.0,20,20,0.0,0.0,False,False
20,6,0,NOMINAL,median,faithful,2,"[20, 36]",True,True,1.0,20,20,0.0,0.0,False,False
20,6,0,NOMINAL,channel2,faithful,2,"[20, 36]",True,True,1.0,20,20,0.0,0.0,False,False
20,6,0,PHYSICAL_SHIFT,channel0,nominal,2,"[20, 36]",True,True,1.0,20,20,0.0,0.0,False,False
20,6,0,PHYSICAL_SHIFT,median,nominal,2,"[20, 36]",True,True,1.0,20,20,0.0,0.0,False,False
20,6,0,PHYSICAL_SHIFT,channel2,nominal,2,"[20, 36]",True,True,1.0,20,20,0.0,0.0,False,False
20,6,0,COMMON_BIAS,channel0,faithful,2,"[20, 36]",True,True,1.0,20,20,0.0,0.0,False,False
20,6,0,COMMON_BIAS,median,faithful,2,"[20, 36]",True,True,1.0,20,20,0.0,0.0,False,False
20,6,0,COMMON_BIAS,channel2,faithful,2,"[20, 36]",True,True,1.0,20,20,0.0,0.0,False,False
20,6,1,NOMINAL,channel0,faithful,2,"[20, 36]",True,True,1.0,20,20,0.0,0.0,False,False
20,6,1,NOMINAL,median,faithful,2,"[20, 36]",True,True,1.0,20,20,0.0,0.0,False,False
20,6,1,NOMINAL,channel2,faithful,1,[20],True,True,1.0,20,20,0.0,0.0,False,False
20,6,1,PHYSICAL_SHIFT,channel0,nominal,2,"[20, 36]",True,True,1.0,20,20,0.0,0.0,False,False
20,6,1,PHYSICAL_SHIFT,median,nominal,2,"[20, 36]",True,True,1.0,20,20,0.0,0.0,False,False
20,6,1,PHYSICAL_SHIFT,channel2,nominal,1,[20],True,True,1.0,20,20,0.0,0.0,False,False
20,6,1,COMMON_BIAS,channel0,faithful,2,"[20, 36]",True,True,1.0,20,20,0.0,0.0,False,False
20,6,1,COMMON_BIAS,median,faithful,2,"[20, 36]",True,True,1.0,20,20,0.0,0.0,False,False
20,6,1,COMMON_BIAS,channel2,faithful,2,"[20, 36]",True,True,1.0,20,20,0.0,0.0,False,False
21,0,0,NOMINAL,channel0,faithful,1,[36],True,True,1.0,36,11,0.0,0.0,True,False
21,0,0,NOMINAL,median,faithful,1,[11],False,False,0.0,11,11,0.0,0.0,False,False
21,0,0,NOMINAL,channel2,faithful,1,[11],False,False,0.0,11,11,0.0,0.0,False,False
21,0,0,PHYSICAL_SHIFT,channel0,nominal,1,[36],True,True,1.0,36,11,0.0,0.0,True,False
21,0,0,PHYSICAL_SHIFT,median,nominal,1,[11],False,False,0.0,11,11,0.0,0.0,False,False
21,0,0,PHYSICAL_SHIFT,channel2,nominal,1,[11],False,False,0.0,11,11,0.0,0.0,False,False
21,0,0,COMMON_BIAS,channel0,faithful,1,[36],True,True,1.0,36,11,0.0,0.0,True,False
21,0,0,COMMON_BIAS,median,faithful,1,[11],False,False,0.0,11,11,0.0,0.0,False,False
21,0,0,COMMON_BIAS,channel2,faithful,1,[11],False,False,0.0,11,11,0.0,0.0,False,False
21,0,1,NOMINAL,channel0,faithful,1,[36],True,True,1.0,36,11,0.125,0.0,True,True
21,0,1,NOMINAL,median,faithful,1,[11],False,False,0.0,11,11,0.0,0.0,False,False
21,0,1,NOMINAL,channel2,faithful,1,[11],False,False,0.0,11,11,0.0,0.0,False,False
21,0,1,PHYSICAL_SHIFT,channel0,nominal,1,[36],True,True,1.0,36,11,0.125,0.0,True,True
21,0,1,PHYSICAL_SHIFT,median,nominal,1,[11],False,False,0.0,11,11,0.0,0.0,False,False
21,0,1,PHYSICAL_SHIFT,channel2,nominal,1,[11],False,False,0.0,11,11,0.0,0.0,False,False
21,0,1,COMMON_BIAS,channel0,faithful,1,[36],True,True,1.0,36,11,0.125,0.0,True,True
21,0,1,COMMON_BIAS,median,faithful,1,[11],False,False,0.0,11,11,0.0,0.0,False,False
21,0,1,COMMON_BIAS,channel2,faithful,1,[11],False,False,0.0,11,11,0.0,0.0,False,False
21,6,0,NOMINAL,channel0,faithful,1,[36],True,True,1.0,36,11,0.0,0.0,True,False
21,6,0,NOMINAL,median,faithful,1,[11],False,False,0.0,11,11,0.0,0.0,False,False
21,6,0,NOMINAL,channel2,faithful,1,[11],False,False,0.0,11,11,0.0,0.0,False,False
21,6,0,PHYSICAL_SHIFT,channel0,nominal,1,[36],True,True,1.0,36,11,0.0,0.0,True,False
21,6,0,PHYSICAL_SHIFT,median,nominal,1,[11],False,False,0.0,11,11,0.0,0.0,False,False
21,6,0,PHYSICAL_SHIFT,channel2,nominal,1,[11],False,False,0.0,11,11,0.0,0.0,False,False
21,6,0,COMMON_BIAS,channel0,faithful,1,[36],True,True,1.0,36,11,0.0,0.0,True,False
21,6,0,COMMON_BIAS,median,faithful,1,[36],True,True,1.0,36,11,0.0,0.0,True,False
21,6,0,COMMON_BIAS,channel2,faithful,1,[36],True,True,1.0,36,11,0.0,0.0,True,False
21,6,1,NOMINAL,channel0,faithful,1,[36],True,True,1.0,36,11,0.125,0.0,True,True
21,6,1,NOMINAL,median,faithful,1,[11],False,False,0.0,11,11,0.0,0.0,False,False
21,6,1,NOMINAL,channel2,faithful,1,[11],False,False,0.0,11,11,0.0,0.0,False,False
21,6,1,PHYSICAL_SHIFT,channel0,nominal,1,[36],True,True,1.0,36,11,0.125,0.0,True,True
21,6,1,PHYSICAL_SHIFT,median,nominal,1,[11],False,False,0.0,11,11,0.0,0.0,False,False
21,6,1,PHYSICAL_SHIFT,channel2,nominal,1,[11],False,False,0.0,11,11,0.0,0.0,False,False
21,6,1,COMMON_BIAS,channel0,faithful,1,[36],True,True,1.0,36,11,0.125,0.0,True,True
21,6,1,COMMON_BIAS,median,faithful,1,[36],True,True,1.0,36,11,0.125,0.0,True,True
21,6,1,COMMON_BIAS,channel2,faithful,1,[36],True,True,1.0,36,11,0.125,0.0,True,True
22,0,0,NOMINAL,channel0,faithful,1,[20],True,True,1.0,20,7,0.0,0.0,True,False
22,0,0,NOMINAL,median,faithful,1,[7],False,False,0.0,7,7,0.0,0.0,False,False
22,0,0,NOMINAL,channel2,faithful,1,[7],False,False,0.0,7,7,0.0,0.0,False,False
22,0,0,PHYSICAL_SHIFT,channel0,nominal,1,[20],True,True,1.0,20,7,0.0,0.0,True,False
22,0,0,PHYSICAL_SHIFT,median,nominal,1,[7],False,False,0.0,7,7,0.0,0.0,False,False
22,0,0,PHYSICAL_SHIFT,channel2,nominal,1,[7],False,False,0.0,7,7,0.0,0.0,False,False
22,0,0,COMMON_BIAS,channel0,faithful,1,[20],True,True,1.0,20,7,0.0,0.0,True,False
22,0,0,COMMON_BIAS,median,faithful,1,[7],False,False,0.0,7,7,0.0,0.0,False,False
22,0,0,COMMON_BIAS,channel2,faithful,1,[7],False,False,0.0,7,7,0.0,0.0,False,False
22,0,1,NOMINAL,channel0,faithful,1,[20],True,True,1.0,20,7,0.0,0.0,True,False
22,0,1,NOMINAL,median,faithful,1,[7],False,False,0.0,7,7,0.0,0.0,False,False
22,0,1,NOMINAL,channel2,faithful,1,[7],False,False,0.0,7,7,0.0,0.0,False,False
22,0,1,PHYSICAL_SHIFT,channel0,nominal,1,[20],True,True,1.0,20,7,0.0,0.0,True,False
22,0,1,PHYSICAL_SHIFT,median,nominal,1,[7],False,False,0.0,7,7,0.0,0.0,False,False
22,0,1,PHYSICAL_SHIFT,channel2,nominal,1,[7],False,False,0.0,7,7,0.0,0.0,False,False
22,0,1,COMMON_BIAS,channel0,faithful,1,[20],True,True,1.0,20,7,0.0,0.0,True,False
22,0,1,COMMON_BIAS,median,faithful,1,[7],False,False,0.0,7,7,0.0,0.0,False,False
22,0,1,COMMON_BIAS,channel2,faithful,1,[7],False,False,0.0,7,7,0.0,0.0,False,False
22,6,0,NOMINAL,channel0,faithful,1,[20],True,True,1.0,20,7,0.0,0.0,True,False
22,6,0,NOMINAL,median,faithful,1,[7],False,False,0.0,7,7,0.0,0.0,False,False
22,6,0,NOMINAL,channel2,faithful,1,[7],False,False,0.0,7,7,0.0,0.0,False,False
22,6,0,PHYSICAL_SHIFT,channel0,nominal,1,[20],True,True,1.0,20,7,0.0,0.0,True,False
22,6,0,PHYSICAL_SHIFT,median,nominal,1,[7],False,False,0.0,7,7,0.0,0.0,False,False
22,6,0,PHYSICAL_SHIFT,channel2,nominal,1,[7],False,False,0.0,7,7,0.0,0.0,False,False
22,6,0,COMMON_BIAS,channel0,faithful,1,[20],True,True,1.0,20,7,0.0,0.0,True,False
22,6,0,COMMON_BIAS,median,faithful,1,[20],True,True,1.0,20,7,0.0,0.0,True,False
22,6,0,COMMON_BIAS,channel2,faithful,1,[20],True,True,1.0,20,7,0.0,0.0,True,False
22,6,1,NOMINAL,channel0,faithful,1,[20],True,True,1.0,20,7,0.0,0.0,True,False
22,6,1,NOMINAL,median,faithful,1,[7],False,False,0.0,7,7,0.0,0.0,False,False
22,6,1,NOMINAL,channel2,faithful,1,[7],False,False,0.0,7,7,0.0,0.0,False,False
22,6,1,PHYSICAL_SHIFT,channel0,nominal,1,[20],True,True,1.0,20,7,0.125,0.0,True,True
22,6,1,PHYSICAL_SHIFT,median,nominal,1,[7],False,False,0.0,7,7,0.0,0.0,False,False
22,6,1,PHYSICAL_SHIFT,channel2,nominal,1,[7],False,False,0.0,7,7,0.0,0.0,False,False
22,6,1,COMMON_BIAS,channel0,faithful,1,[20],True,True,1.0,20,7,0.0,0.0,True,False
22,6,1,COMMON_BIAS,median,faithful,1,[20],True,True,1.0,20,7,0.0,0.0,True,False
22,6,1,COMMON_BIAS,channel2,faithful,1,[20],True,True,1.0,20,7,0.0,0.0,True,False
23,0,0,NOMINAL,channel0,faithful,1,[36],True,True,1.0,36,11,0.125,0.125,True,False
23,0,0,NOMINAL,median,faithful,1,[11],False,False,0.0,11,11,0.125,0.125,False,False
23,0,0,NOMINAL,channel2,faithful,1,[11],False,False,0.0,11,11,0.125,0.125,False,False
23,0,0,PHYSICAL_SHIFT,channel0,nominal,1,[36],True,True,1.0,36,11,0.125,0.125,True,False
23,0,0,PHYSICAL_SHIFT,median,nominal,1,[11],False,False,0.0,11,11,0.125,0.125,False,False
23,0,0,PHYSICAL_SHIFT,channel2,nominal,1,[11],False,False,0.0,11,11,0.125,0.125,False,False
23,0,0,COMMON_BIAS,channel0,faithful,1,[36],True,True,1.0,36,11,0.125,0.125,True,False
23,0,0,COMMON_BIAS,median,faithful,1,[11],False,False,0.0,11,11,0.125,0.125,False,False
23,0,0,COMMON_BIAS,channel2,faithful,1,[11],False,False,0.0,11,11,0.125,0.125,False,False
23,0,1,NOMINAL,channel0,faithful,1,[36],True,True,1.0,36,11,0.125,0.125,True,False
23,0,1,NOMINAL,median,faithful,1,[11],False,False,0.0,11,11,0.125,0.125,False,False
23,0,1,NOMINAL,channel2,faithful,1,[11],False,False,0.0,11,11,0.125,0.125,False,False
23,0,1,PHYSICAL_SHIFT,channel0,nominal,1,[36],True,True,1.0,36,11,0.125,0.125,True,False
23,0,1,PHYSICAL_SHIFT,median,nominal,1,[11],False,False,0.0,11,11,0.125,0.125,False,False
23,0,1,PHYSICAL_SHIFT,channel2,nominal,1,[11],False,False,0.0,11,11,0.125,0.125,False,False
23,0,1,COMMON_BIAS,channel0,faithful,1,[36],True,True,1.0,36,11,0.125,0.125,True,False
23,0,1,COMMON_BIAS,median,faithful,1,[11],False,False,0.0,11,11,0.125,0.125,False,False
23,0,1,COMMON_BIAS,channel2,faithful,1,[11],False,False,0.0,11,11,0.125,0.125,False,False
23,6,0,NOMINAL,channel0,faithful,1,[36],True,True,1.0,36,11,0.125,0.125,True,False
23,6,0,NOMINAL,median,faithful,1,[11],False,False,0.0,11,11,0.125,0.125,False,False
23,6,0,NOMINAL,channel2,faithful,1,[11],False,False,0.0,11,11,0.125,0.125,False,False
23,6,0,PHYSICAL_SHIFT,channel0,nominal,1,[36],True,True,1.0,36,11,0.125,0.125,True,False
23,6,0,PHYSICAL_SHIFT,median,nominal,1,[11],False,False,0.0,11,11,0.125,0.125,False,False
23,6,0,PHYSICAL_SHIFT,channel2,nominal,1,[11],False,False,0.0,11,11,0.125,0.125,False,False
23,6,0,COMMON_BIAS,channel0,faithful,1,[36],True,True,1.0,36,11,0.125,0.125,True,False
23,6,0,COMMON_BIAS,median,faithful,1,[36],True,True,1.0,36,11,0.125,0.125,True,False
23,6,0,COMMON_BIAS,channel2,faithful,1,[36],True,True,1.0,36,11,0.125,0.125,True,False
23,6,1,NOMINAL,channel0,faithful,1,[36],True,True,1.0,36,11,0.125,0.125,True,False
23,6,1,NOMINAL,median,faithful,1,[11],False,False,0.0,11,11,0.125,0.125,False,False
23,6,1,NOMINAL,channel2,faithful,1,[11],False,False,0.0,11,11,0.125,0.125,False,False
23,6,1,PHYSICAL_SHIFT,channel0,nominal,1,[36],True,True,1.0,36,11,0.125,0.125,True,False
23,6,1,PHYSICAL_SHIFT,median,nominal,1,[11],False,False,0.0,11,11,0.125,0.125,False,False
23,6,1,PHYSICAL_SHIFT,channel2,nominal,1,[11],False,False,0.0,11,11,0.125,0.125,False,False
23,6,1,COMMON_BIAS,channel0,faithful,1,[36],True,True,1.0,36,11,0.125,0.125,True,False
23,6,1,COMMON_BIAS,median,faithful,1,[36],True,True,1.0,36,11,0.125,0.125,True,False
23,6,1,COMMON_BIAS,channel2,faithful,1,[36],True,True,1.0,36,11,0.125,0.125,True,False
24,0,0,NOMINAL,channel0,faithful,1,[36],True,True,1.0,36,11,0.0,0.0,True,False
24,0,0,NOMINAL,median,faithful,1,[11],False,False,0.0,11,11,0.0,0.0,False,False
24,0,0,NOMINAL,channel2,faithful,1,[11],False,False,0.0,11,11,0.0,0.0,False,False
24,0,0,PHYSICAL_SHIFT,channel0,nominal,1,[36],True,True,1.0,36,11,0.0,0.0,True,False
24,0,0,PHYSICAL_SHIFT,median,nominal,1,[11],False,False,0.0,11,11,0.0,0.0,False,False
24,0,0,PHYSICAL_SHIFT,channel2,nominal,1,[11],False,False,0.0,11,11,0.0,0.0,False,False
24,0,0,COMMON_BIAS,channel0,faithful,1,[36],True,True,1.0,36,11,0.0,0.0,True,False
24,0,0,COMMON_BIAS,median,faithful,1,[11],False,False,0.0,11,11,0.0,0.0,False,False
24,0,0,COMMON_BIAS,channel2,faithful,1,[11],False,False,0.0,11,11,0.0,0.0,False,False
24,0,1,NOMINAL,channel0,faithful,1,[36],True,True,1.0,36,11,0.0,0.0,True,False
24,0,1,NOMINAL,median,faithful,1,[11],False,False,0.0,11,11,0.0,0.0,False,False
24,0,1,NOMINAL,channel2,faithful,1,[11],False,False,0.0,11,11,0.0,0.0,False,False
24,0,1,PHYSICAL_SHIFT,channel0,nominal,1,[36],True,True,1.0,36,11,0.0,0.0,True,False
24,0,1,PHYSICAL_SHIFT,median,nominal,1,[11],False,False,0.0,11,11,0.0,0.0,False,False
24,0,1,PHYSICAL_SHIFT,channel2,nominal,1,[11],False,False,0.0,11,11,0.0,0.0,False,False
24,0,1,COMMON_BIAS,channel0,faithful,1,[36],True,True,1.0,36,11,0.0,0.0,True,False
24,0,1,COMMON_BIAS,median,faithful,1,[11],False,False,0.0,11,11,0.0,0.0,False,False
24,0,1,COMMON_BIAS,channel2,faithful,1,[11],False,False,0.0,11,11,0.0,0.0,False,False
24,6,0,NOMINAL,channel0,faithful,1,[36],True,True,1.0,36,11,0.0,0.0,True,False
24,6,0,NOMINAL,median,faithful,1,[11],False,False,0.0,11,11,0.0,0.0,False,False
24,6,0,NOMINAL,channel2,faithful,1,[11],False,False,0.0,11,11,0.0,0.0,False,False
24,6,0,PHYSICAL_SHIFT,channel0,nominal,1,[36],True,True,1.0,36,11,0.0,0.0,True,False
24,6,0,PHYSICAL_SHIFT,median,nominal,1,[11],False,False,0.0,11,11,0.0,0.0,False,False
24,6,0,PHYSICAL_SHIFT,channel2,nominal,1,[11],False,False,0.0,11,11,0.0,0.0,False,False
24,6,0,COMMON_BIAS,channel0,faithful,1,[36],True,True,1.0,36,11,0.0,0.0,True,False
24,6,0,COMMON_BIAS,median,faithful,1,[36],True,True,1.0,36,11,0.0,0.0,True,False
24,6,0,COMMON_BIAS,channel2,faithful,1,[36],True,True,1.0,36,11,0.0,0.0,True,False
24,6,1,NOMINAL,channel0,faithful,1,[36],True,True,1.0,36,11,0.0,0.0,True,False
24,6,1,NOMINAL,median,faithful,1,[11],False,False,0.0,11,11,0.0,0.0,False,False
24,6,1,NOMINAL,channel2,faithful,1,[11],False,False,0.0,11,11,0.0,0.0,False,False
24,6,1,PHYSICAL_SHIFT,channel0,nominal,1,[36],True,True,1.0,36,11,0.125,0.0,True,True
24,6,1,PHYSICAL_SHIFT,median,nominal,1,[11],False,False,0.0,11,11,0.0,0.0,False,False
24,6,1,PHYSICAL_SHIFT,channel2,nominal,1,[11],False,False,0.0,11,11,0.0,0.0,False,False
24,6,1,COMMON_BIAS,channel0,faithful,1,[36],True,True,1.0,36,11,0.0,0.0,True,False
24,6,1,COMMON_BIAS,median,faithful,1,[36],True,True,1.0,36,11,0.0,0.0,True,False
24,6,1,COMMON_BIAS,channel2,faithful,1,[36],True,True,1.0,36,11,0.0,0.0,True,False
25,0,0,NOMINAL,channel0,faithful,1,[36],True,True,1.0,36,11,0.125,0.0,True,True
25,0,0,NOMINAL,median,faithful,1,[11],False,False,0.0,11,11,0.0,0.0,False,False
25,0,0,NOMINAL,channel2,faithful,1,[11],False,False,0.0,11,11,0.0,0.0,False,False
25,0,0,PHYSICAL_SHIFT,channel0,nominal,1,[36],True,True,1.0,36,11,0.125,0.0,True,True
25,0,0,PHYSICAL_SHIFT,median,nominal,1,[11],False,False,0.0,11,11,0.0,0.0,False,False
25,0,0,PHYSICAL_SHIFT,channel2,nominal,1,[11],False,False,0.0,11,11,0.0,0.0,False,False
25,0,0,COMMON_BIAS,channel0,faithful,1,[36],True,True,1.0,36,11,0.125,0.0,True,True
25,0,0,COMMON_BIAS,median,faithful,1,[11],False,False,0.0,11,11,0.0,0.0,False,False
25,0,0,COMMON_BIAS,channel2,faithful,1,[11],False,False,0.0,11,11,0.0,0.0,False,False
25,0,1,NOMINAL,channel0,faithful,1,[36],True,True,1.0,36,11,0.125,0.0,True,True
25,0,1,NOMINAL,median,faithful,1,[11],False,False,0.0,11,11,0.0,0.0,False,False
25,0,1,NOMINAL,channel2,faithful,1,[11],False,False,0.0,11,11,0.0,0.0,False,False
25,0,1,PHYSICAL_SHIFT,channel0,nominal,1,[36],True,True,1.0,36,11,0.125,0.0,True,True
25,0,1,PHYSICAL_SHIFT,median,nominal,1,[11],False,False,0.0,11,11,0.0,0.0,False,False
25,0,1,PHYSICAL_SHIFT,channel2,nominal,1,[11],False,False,0.0,11,11,0.0,0.0,False,False
25,0,1,COMMON_BIAS,channel0,faithful,1,[36],True,True,1.0,36,11,0.125,0.0,True,True
25,0,1,COMMON_BIAS,median,faithful,1,[11],False,False,0.0,11,11,0.0,0.0,False,False
25,0,1,COMMON_BIAS,channel2,faithful,1,[11],False,False,0.0,11,11,0.0,0.0,False,False
25,6,0,NOMINAL,channel0,faithful,1,[36],True,True,1.0,36,11,0.125,0.125,True,False
25,6,0,NOMINAL,median,faithful,1,[11],False,False,0.0,11,11,0.125,0.125,False,False
25,6,0,NOMINAL,channel2,faithful,1,[11],False,False,0.0,11,11,0.125,0.125,False,False
25,6,0,PHYSICAL_SHIFT,channel0,nominal,1,[36],True,True,1.0,36,11,0.125,0.125,True,False
25,6,0,PHYSICAL_SHIFT,median,nominal,1,[11],False,False,0.0,11,11,0.125,0.125,False,False
25,6,0,PHYSICAL_SHIFT,channel2,nominal,1,[11],False,False,0.0,11,11,0.125,0.125,False,False
25,6,0,COMMON_BIAS,channel0,faithful,1,[36],True,True,1.0,36,11,0.125,0.125,True,False
25,6,0,COMMON_BIAS,median,faithful,1,[36],True,True,1.0,36,11,0.125,0.125,True,False
25,6,0,COMMON_BIAS,channel2,faithful,1,[36],True,True,1.0,36,11,0.125,0.125,True,False
25,6,1,NOMINAL,channel0,faithful,1,[36],True,True,1.0,36,11,0.125,0.125,True,False
25,6,1,NOMINAL,median,faithful,1,[11],False,False,0.0,11,11,0.125,0.125,False,False
25,6,1,NOMINAL,channel2,faithful,1,[11],False,False,0.0,11,11,0.125,0.125,False,False
25,6,1,PHYSICAL_SHIFT,channel0,nominal,1,[36],True,True,1.0,36,11,0.125,0.125,True,False
25,6,1,PHYSICAL_SHIFT,median,nominal,1,[11],False,False,0.0,11,11,0.125,0.125,False,False
25,6,1,PHYSICAL_SHIFT,channel2,nominal,1,[11],False,False,0.0,11,11,0.125,0.125,False,False
25,6,1,COMMON_BIAS,channel0,faithful,1,[36],True,True,1.0,36,11,0.125,0.125,True,False
25,6,1,COMMON_BIAS,median,faithful,1,[36],True,True,1.0,36,11,0.125,0.125,True,False
25,6,1,COMMON_BIAS,channel2,faithful,1,[36],True,True,1.0,36,11,0.125,0.125,True,False
26,0,0,NOMINAL,channel0,faithful,1,[36],True,True,1.0,36,11,0.375,0.125,True,True
26,0,0,NOMINAL,median,faithful,1,[11],False,False,0.0,11,11,0.125,0.125,False,False
26,0,0,NOMINAL,channel2,faithful,1,[11],False,False,0.0,11,11,0.125,0.125,False,False
26,0,0,PHYSICAL_SHIFT,channel0,nominal,1,[36],True,True,1.0,36,11,0.375,0.125,True,True
26,0,0,PHYSICAL_SHIFT,median,nominal,1,[11],False,False,0.0,11,11,0.125,0.125,False,False
26,0,0,PHYSICAL_SHIFT,channel2,nominal,1,[11],False,False,0.0,11,11,0.125,0.125,False,False
26,0,0,COMMON_BIAS,channel0,faithful,1,[36],True,True,1.0,36,11,0.375,0.125,True,True
26,0,0,COMMON_BIAS,median,faithful,1,[11],False,False,0.0,11,11,0.125,0.125,False,False
26,0,0,COMMON_BIAS,channel2,faithful,1,[11],False,False,0.0,11,11,0.125,0.125,False,False
26,0,1,NOMINAL,channel0,faithful,1,[36],True,True,1.0,36,11,0.375,0.125,True,True
26,0,1,NOMINAL,median,faithful,1,[11],False,False,0.0,11,11,0.125,0.125,False,False
26,0,1,NOMINAL,channel2,faithful,1,[11],False,False,0.0,11,11,0.125,0.125,False,False
26,0,1,PHYSICAL_SHIFT,channel0,nominal,1,[36],True,True,1.0,36,11,0.375,0.125,True,True
26,0,1,PHYSICAL_SHIFT,median,nominal,1,[11],False,False,0.0,11,11,0.125,0.125,False,False
26,0,1,PHYSICAL_SHIFT,channel2,nominal,1,[11],False,False,0.0,11,11,0.125,0.125,False,False
26,0,1,COMMON_BIAS,channel0,faithful,1,[36],True,True,1.0,36,11,0.375,0.125,True,True
26,0,1,COMMON_BIAS,median,faithful,1,[11],False,False,0.0,11,11,0.125,0.125,False,False
26,0,1,COMMON_BIAS,channel2,faithful,1,[11],False,False,0.0,11,11,0.125,0.125,False,False
26,6,0,NOMINAL,channel0,faithful,1,[36],True,True,1.0,36,11,0.375,0.125,True,True
26,6,0,NOMINAL,median,faithful,1,[11],False,False,0.0,11,11,0.125,0.125,False,False
26,6,0,NOMINAL,channel2,faithful,1,[11],False,False,0.0,11,11,0.125,0.125,False,False
26,6,0,PHYSICAL_SHIFT,channel0,nominal,1,[36],True,True,1.0,36,11,0.375,0.125,True,True
26,6,0,PHYSICAL_SHIFT,median,nominal,1,[11],False,False,0.0,11,11,0.125,0.125,False,False
26,6,0,PHYSICAL_SHIFT,channel2,nominal,1,[11],False,False,0.0,11,11,0.125,0.125,False,False
26,6,0,COMMON_BIAS,channel0,faithful,1,[36],True,True,1.0,36,11,0.375,0.125,True,True
26,6,0,COMMON_BIAS,median,faithful,1,[36],True,True,1.0,36,11,0.375,0.125,True,True
26,6,0,COMMON_BIAS,channel2,faithful,1,[36],True,True,1.0,36,11,0.375,0.125,True,True
26,6,1,NOMINAL,channel0,faithful,1,[36],True,True,1.0,36,11,0.375,0.125,True,True
26,6,1,NOMINAL,median,faithful,1,[11],False,False,0.0,11,11,0.125,0.125,False,False
26,6,1,NOMINAL,channel2,faithful,1,[11],False,False,0.0,11,11,0.125,0.125,False,False
26,6,1,PHYSICAL_SHIFT,channel0,nominal,1,[36],True,True,1.0,36,11,0.375,0.125,True,True
26,6,1,PHYSICAL_SHIFT,median,nominal,1,[11],False,False,0.0,11,11,0.125,0.125,False,False
26,6,1,PHYSICAL_SHIFT,channel2,nominal,1,[11],False,False,0.0,11,11,0.125,0.125,False,False
26,6,1,COMMON_BIAS,channel0,faithful,1,[36],True,True,1.0,36,11,0.375,0.125,True,True
26,6,1,COMMON_BIAS,median,faithful,1,[36],True,True,1.0,36,11,0.375,0.125,True,True
26,6,1,COMMON_BIAS,channel2,faithful,1,[36],True,True,1.0,36,11,0.375,0.125,True,True
27,0,0,NOMINAL,channel0,faithful,1,[20],True,True,1.0,20,7,0.0,0.0,True,False
27,0,0,NOMINAL,median,faithful,1,[7],False,False,0.0,7,7,0.0,0.0,False,False
27,0,0,NOMINAL,channel2,faithful,1,[7],False,False,0.0,7,7,0.0,0.0,False,False
27,0,0,PHYSICAL_SHIFT,channel0,nominal,1,[20],True,True,1.0,20,7,0.0,0.0,True,False
27,0,0,PHYSICAL_SHIFT,median,nominal,1,[7],False,False,0.0,7,7,0.0,0.0,False,False
27,0,0,PHYSICAL_SHIFT,channel2,nominal,1,[7],False,False,0.0,7,7,0.0,0.0,False,False
27,0,0,COMMON_BIAS,channel0,faithful,1,[20],True,True,1.0,20,7,0.0,0.0,True,False
27,0,0,COMMON_BIAS,median,faithful,1,[7],False,False,0.0,7,7,0.0,0.0,False,False
27,0,0,COMMON_BIAS,channel2,faithful,1,[7],False,False,0.0,7,7,0.0,0.0,False,False
27,0,1,NOMINAL,channel0,faithful,1,[20],True,True,1.0,20,7,0.125,0.0,True,True
27,0,1,NOMINAL,median,faithful,1,[7],False,False,0.0,7,7,0.0,0.0,False,False
27,0,1,NOMINAL,channel2,faithful,1,[7],False,False,0.0,7,7,0.0,0.0,False,False
27,0,1,PHYSICAL_SHIFT,channel0,nominal,1,[20],True,True,1.0,20,7,0.125,0.0,True,True
27,0,1,PHYSICAL_SHIFT,median,nominal,1,[7],False,False,0.0,7,7,0.0,0.0,False,False
27,0,1,PHYSICAL_SHIFT,channel2,nominal,1,[7],False,False,0.0,7,7,0.0,0.0,False,False
27,0,1,COMMON_BIAS,channel0,faithful,1,[20],True,True,1.0,20,7,0.125,0.0,True,True
27,0,1,COMMON_BIAS,median,faithful,1,[7],False,False,0.0,7,7,0.0,0.0,False,False
27,0,1,COMMON_BIAS,channel2,faithful,1,[7],False,False,0.0,7,7,0.0,0.0,False,False
27,6,0,NOMINAL,channel0,faithful,1,[20],True,True,1.0,20,7,0.0,0.0,True,False
27,6,0,NOMINAL,median,faithful,1,[7],False,False,0.0,7,7,0.0,0.0,False,False
27,6,0,NOMINAL,channel2,faithful,1,[7],False,False,0.0,7,7,0.0,0.0,False,False
27,6,0,PHYSICAL_SHIFT,channel0,nominal,1,[20],True,True,1.0,20,7,0.0,0.0,True,False
27,6,0,PHYSICAL_SHIFT,median,nominal,1,[7],False,False,0.0,7,7,0.0,0.0,False,False
27,6,0,PHYSICAL_SHIFT,channel2,nominal,1,[7],False,False,0.0,7,7,0.0,0.0,False,False
27,6,0,COMMON_BIAS,channel0,faithful,1,[20],True,True,1.0,20,7,0.0,0.0,True,False
27,6,0,COMMON_BIAS,median,faithful,1,[20],True,True,1.0,20,7,0.0,0.0,True,False
27,6,0,COMMON_BIAS,channel2,faithful,1,[20],True,True,1.0,20,7,0.0,0.0,True,False
27,6,1,NOMINAL,channel0,faithful,1,[20],True,True,1.0,20,7,0.125,0.0,True,True
27,6,1,NOMINAL,median,faithful,1,[7],False,False,0.0,7,7,0.0,0.0,False,False
27,6,1,NOMINAL,channel2,faithful,1,[7],False,False,0.0,7,7,0.0,0.0,False,False
27,6,1,PHYSICAL_SHIFT,channel0,nominal,1,[20],True,True,1.0,20,7,0.125,0.0,True,True
27,6,1,PHYSICAL_SHIFT,median,nominal,1,[7],False,False,0.0,7,7,0.0,0.0,False,False
27,6,1,PHYSICAL_SHIFT,channel2,nominal,1,[7],False,False,0.0,7,7,0.0,0.0,False,False
27,6,1,COMMON_BIAS,channel0,faithful,1,[20],True,True,1.0,20,7,0.125,0.0,True,True
27,6,1,COMMON_BIAS,median,faithful,1,[20],True,True,1.0,20,7,0.125,0.0,True,True
27,6,1,COMMON_BIAS,channel2,faithful,1,[20],True,True,1.0,20,7,0.125,0.0,True,True
28,0,0,NOMINAL,channel0,faithful,2,"[20, 36]",True,True,1.0,20,20,0.0,0.0,False,False
28,0,0,NOMINAL,median,faithful,2,"[20, 36]",True,True,1.0,20,20,0.0,0.0,False,False
28,0,0,NOMINAL,channel2,faithful,2,"[20, 36]",True,True,1.0,20,20,0.0,0.0,False,False
28,0,0,PHYSICAL_SHIFT,channel0,nominal,2,"[20, 36]",True,True,1.0,20,20,0.0,0.0,False,False
28,0,0,PHYSICAL_SHIFT,median,nominal,2,"[20, 36]",True,True,1.0,20,20,0.0,0.0,False,False
28,0,0,PHYSICAL_SHIFT,channel2,nominal,2,"[20, 36]",True,True,1.0,20,20,0.0,0.0,False,False
28,0,0,COMMON_BIAS,channel0,faithful,2,"[20, 36]",True,True,1.0,20,20,0.0,0.0,False,False
28,0,0,COMMON_BIAS,median,faithful,2,"[20, 36]",True,True,1.0,20,20,0.0,0.0,False,False
28,0,0,COMMON_BIAS,channel2,faithful,2,"[20, 36]",True,True,1.0,20,20,0.0,0.0,False,False
28,0,1,NOMINAL,channel0,faithful,2,"[20, 36]",True,True,1.0,20,20,0.0,0.0,False,False
28,0,1,NOMINAL,median,faithful,2,"[20, 36]",True,True,1.0,20,20,0.0,0.0,False,False
28,0,1,NOMINAL,channel2,faithful,2,"[20, 36]",True,True,1.0,20,20,0.0,0.0,False,False
28,0,1,PHYSICAL_SHIFT,channel0,nominal,2,"[20, 36]",True,True,1.0,20,20,0.0,0.0,False,False
28,0,1,PHYSICAL_SHIFT,median,nominal,2,"[20, 36]",True,True,1.0,20,20,0.0,0.0,False,False
28,0,1,PHYSICAL_SHIFT,channel2,nominal,2,"[20, 36]",True,True,1.0,20,20,0.0,0.0,False,False
28,0,1,COMMON_BIAS,channel0,faithful,2,"[20, 36]",True,True,1.0,20,20,0.0,0.0,False,False
28,0,1,COMMON_BIAS,median,faithful,2,"[20, 36]",True,True,1.0,20,20,0.0,0.0,False,False
28,0,1,COMMON_BIAS,channel2,faithful,2,"[20, 36]",True,True,1.0,20,20,0.0,0.0,False,False
28,6,0,NOMINAL,channel0,faithful,2,"[20, 36]",True,True,1.0,20,20,0.0,0.0,False,False
28,6,0,NOMINAL,median,faithful,2,"[20, 36]",True,True,1.0,20,20,0.0,0.0,False,False
28,6,0,NOMINAL,channel2,faithful,2,"[20, 36]",True,True,1.0,20,20,0.0,0.0,False,False
28,6,0,PHYSICAL_SHIFT,channel0,nominal,2,"[20, 36]",True,True,1.0,20,20,0.0,0.0,False,False
28,6,0,PHYSICAL_SHIFT,median,nominal,2,"[20, 36]",True,True,1.0,20,20,0.0,0.0,False,False
28,6,0,PHYSICAL_SHIFT,channel2,nominal,2,"[20, 36]",True,True,1.0,20,20,0.0,0.0,False,False
28,6,0,COMMON_BIAS,channel0,faithful,2,"[20, 36]",True,True,1.0,20,20,0.0,0.0,False,False
28,6,0,COMMON_BIAS,median,faithful,2,"[20, 36]",True,True,1.0,20,20,0.0,0.0,False,False
28,6,0,COMMON_BIAS,channel2,faithful,2,"[20, 36]",True,True,1.0,20,20,0.0,0.0,False,False
28,6,1,NOMINAL,channel0,faithful,2,"[20, 36]",True,True,1.0,20,20,0.0,0.0,False,False
28,6,1,NOMINAL,median,faithful,2,"[20, 36]",True,True,1.0,20,20,0.0,0.0,False,False
28,6,1,NOMINAL,channel2,faithful,2,"[20, 36]",True,True,1.0,20,20,0.0,0.0,False,False
28,6,1,PHYSICAL_SHIFT,channel0,nominal,2,"[20, 36]",True,True,1.0,20,20,0.0,0.0,False,False
28,6,1,PHYSICAL_SHIFT,median,nominal,2,"[20, 36]",True,True,1.0,20,20,0.0,0.0,False,False
28,6,1,PHYSICAL_SHIFT,channel2,nominal,2,"[20, 36]",True,True,1.0,20,20,0.0,0.0,False,False
28,6,1,COMMON_BIAS,channel0,faithful,2,"[20, 36]",True,True,1.0,20,20,0.0,0.0,False,False
28,6,1,COMMON_BIAS,median,faithful,2,"[20, 36]",True,True,1.0,20,20,0.0,0.0,False,False
28,6,1,COMMON_BIAS,channel2,faithful,2,"[20, 36]",True,True,1.0,20,20,0.0,0.0,False,False
29,0,0,NOMINAL,channel0,faithful,1,[36],True,True,1.0,36,11,0.125,0.0,True,True
29,0,0,NOMINAL,median,faithful,1,[11],False,False,0.0,11,11,0.0,0.0,False,False
29,0,0,NOMINAL,channel2,faithful,1,[11],False,False,0.0,11,11,0.0,0.0,False,False
29,0,0,PHYSICAL_SHIFT,channel0,nominal,1,[36],True,True,1.0,36,11,0.125,0.0,True,True
29,0,0,PHYSICAL_SHIFT,median,nominal,1,[11],False,False,0.0,11,11,0.0,0.0,False,False
29,0,0,PHYSICAL_SHIFT,channel2,nominal,1,[11],False,False,0.0,11,11,0.0,0.0,False,False
29,0,0,COMMON_BIAS,channel0,faithful,1,[36],True,True,1.0,36,11,0.125,0.0,True,True
29,0,0,COMMON_BIAS,median,faithful,1,[11],False,False,0.0,11,11,0.0,0.0,False,False
29,0,0,COMMON_BIAS,channel2,faithful,1,[11],False,False,0.0,11,11,0.0,0.0,False,False
29,0,1,NOMINAL,channel0,faithful,1,[36],True,True,1.0,36,11,0.125,0.0,True,True
29,0,1,NOMINAL,median,faithful,1,[11],False,False,0.0,11,11,0.0,0.0,False,False
29,0,1,NOMINAL,channel2,faithful,1,[11],False,False,0.0,11,11,0.0,0.0,False,False
29,0,1,PHYSICAL_SHIFT,channel0,nominal,1,[36],True,True,1.0,36,11,0.125,0.0,True,True
29,0,1,PHYSICAL_SHIFT,median,nominal,1,[11],False,False,0.0,11,11,0.0,0.0,False,False
29,0,1,PHYSICAL_SHIFT,channel2,nominal,1,[11],False,False,0.0,11,11,0.0,0.0,False,False
29,0,1,COMMON_BIAS,channel0,faithful,1,[36],True,True,1.0,36,11,0.125,0.0,True,True
29,0,1,COMMON_BIAS,median,faithful,1,[11],False,False,0.0,11,11,0.0,0.0,False,False
29,0,1,COMMON_BIAS,channel2,faithful,1,[11],False,False,0.0,11,11,0.0,0.0,False,False
29,6,0,NOMINAL,channel0,faithful,1,[36],True,True,1.0,36,11,0.125,0.0,True,True
29,6,0,NOMINAL,median,faithful,1,[11],False,False,0.0,11,11,0.0,0.0,False,False
29,6,0,NOMINAL,channel2,faithful,1,[11],False,False,0.0,11,11,0.0,0.0,False,False
29,6,0,PHYSICAL_SHIFT,channel0,nominal,1,[36],True,True,1.0,36,11,0.125,0.0,True,True
29,6,0,PHYSICAL_SHIFT,median,nominal,1,[11],False,False,0.0,11,11,0.0,0.0,False,False
29,6,0,PHYSICAL_SHIFT,channel2,nominal,1,[11],False,False,0.0,11,11,0.0,0.0,False,False
29,6,0,COMMON_BIAS,channel0,faithful,1,[36],True,True,1.0,36,11,0.125,0.0,True,True
29,6,0,COMMON_BIAS,median,faithful,1,[36],True,True,1.0,36,11,0.125,0.0,True,True
29,6,0,COMMON_BIAS,channel2,faithful,1,[36],True,True,1.0,36,11,0.125,0.0,True,True
29,6,1,NOMINAL,channel0,faithful,1,[36],True,True,1.0,36,11,0.125,0.0,True,True
29,6,1,NOMINAL,median,faithful,1,[11],False,False,0.0,11,11,0.0,0.0,False,False
29,6,1,NOMINAL,channel2,faithful,1,[11],False,False,0.0,11,11,0.0,0.0,False,False
29,6,1,PHYSICAL_SHIFT,channel0,nominal,1,[36],True,True,1.0,36,11,0.25,0.0,True,True
29,6,1,PHYSICAL_SHIFT,median,nominal,1,[11],False,False,0.0,11,11,0.0,0.0,False,False
29,6,1,PHYSICAL_SHIFT,channel2,nominal,1,[11],False,False,0.0,11,11,0.0,0.0,False,False
29,6,1,COMMON_BIAS,channel0,faithful,1,[36],True,True,1.0,36,11,0.125,0.0,True,True
29,6,1,COMMON_BIAS,median,faithful,1,[36],True,True,1.0,36,11,0.125,0.0,True,True
29,6,1,COMMON_BIAS,channel2,faithful,1,[36],True,True,1.0,36,11,0.125,0.0,True,True
30,0,0,NOMINAL,channel0,faithful,1,[20],True,True,1.0,20,7,0.125,0.125,True,False
30,0,0,NOMINAL,median,faithful,1,[7],False,False,0.0,7,7,0.125,0.125,False,False
30,0,0,NOMINAL,channel2,faithful,1,[7],False,False,0.0,7,7,0.125,0.125,False,False
30,0,0,PHYSICAL_SHIFT,channel0,nominal,1,[20],True,True,1.0,20,7,0.125,0.125,True,False
30,0,0,PHYSICAL_SHIFT,median,nominal,1,[7],False,False,0.0,7,7,0.125,0.125,False,False
30,0,0,PHYSICAL_SHIFT,channel2,nominal,1,[7],False,False,0.0,7,7,0.125,0.125,False,False
30,0,0,COMMON_BIAS,channel0,faithful,1,[20],True,True,1.0,20,7,0.125,0.125,True,False
30,0,0,COMMON_BIAS,median,faithful,1,[7],False,False,0.0,7,7,0.125,0.125,False,False
30,0,0,COMMON_BIAS,channel2,faithful,1,[7],False,False,0.0,7,7,0.125,0.125,False,False
30,0,1,NOMINAL,channel0,faithful,1,[20],True,True,1.0,20,7,0.125,0.125,True,False
30,0,1,NOMINAL,median,faithful,1,[7],False,False,0.0,7,7,0.125,0.125,False,False
30,0,1,NOMINAL,channel2,faithful,1,[7],False,False,0.0,7,7,0.125,0.125,False,False
30,0,1,PHYSICAL_SHIFT,channel0,nominal,1,[20],True,True,1.0,20,7,0.125,0.125,True,False
30,0,1,PHYSICAL_SHIFT,median,nominal,1,[7],False,False,0.0,7,7,0.125,0.125,False,False
30,0,1,PHYSICAL_SHIFT,channel2,nominal,1,[7],False,False,0.0,7,7,0.125,0.125,False,False
30,0,1,COMMON_BIAS,channel0,faithful,1,[20],True,True,1.0,20,7,0.125,0.125,True,False
30,0,1,COMMON_BIAS,median,faithful,1,[7],False,False,0.0,7,7,0.125,0.125,False,False
30,0,1,COMMON_BIAS,channel2,faithful,1,[7],False,False,0.0,7,7,0.125,0.125,False,False
30,6,0,NOMINAL,channel0,faithful,1,[20],True,True,1.0,20,7,0.125,0.125,True,False
30,6,0,NOMINAL,median,faithful,1,[7],False,False,0.0,7,7,0.125,0.125,False,False
30,6,0,NOMINAL,channel2,faithful,1,[7],False,False,0.0,7,7,0.125,0.125,False,False
30,6,0,PHYSICAL_SHIFT,channel0,nominal,1,[20],True,True,1.0,20,7,0.125,0.125,True,False
30,6,0,PHYSICAL_SHIFT,median,nominal,1,[7],False,False,0.0,7,7,0.125,0.125,False,False
30,6,0,PHYSICAL_SHIFT,channel2,nominal,1,[7],False,False,0.0,7,7,0.125,0.125,False,False
30,6,0,COMMON_BIAS,channel0,faithful,1,[20],True,True,1.0,20,7,0.125,0.125,True,False
30,6,0,COMMON_BIAS,median,faithful,1,[20],True,True,1.0,20,7,0.125,0.125,True,False
30,6,0,COMMON_BIAS,channel2,faithful,1,[20],True,True,1.0,20,7,0.125,0.125,True,False
30,6,1,NOMINAL,channel0,faithful,1,[20],True,True,1.0,20,7,0.125,0.125,True,False
30,6,1,NOMINAL,median,faithful,1,[7],False,False,0.0,7,7,0.125,0.125,False,False
30,6,1,NOMINAL,channel2,faithful,1,[7],False,False,0.0,7,7,0.125,0.125,False,False
30,6,1,PHYSICAL_SHIFT,channel0,nominal,1,[20],True,True,1.0,20,7,0.125,0.125,True,False
30,6,1,PHYSICAL_SHIFT,median,nominal,1,[7],False,False,0.0,7,7,0.125,0.125,False,False
30,6,1,PHYSICAL_SHIFT,channel2,nominal,1,[7],False,False,0.0,7,7,0.125,0.125,False,False
30,6,1,COMMON_BIAS,channel0,faithful,1,[20],True,True,1.0,20,7,0.125,0.125,True,False
30,6,1,COMMON_BIAS,median,faithful,1,[20],True,True,1.0,20,7,0.125,0.125,True,False
30,6,1,COMMON_BIAS,channel2,faithful,1,[20],True,True,1.0,20,7,0.125,0.125,True,False
31,0,0,NOMINAL,channel0,faithful,1,[20],True,True,1.0,20,7,0.375,0.25,True,True
31,0,0,NOMINAL,median,faithful,1,[7],False,False,0.0,7,7,0.25,0.25,False,False
31,0,0,NOMINAL,channel2,faithful,1,[7],False,False,0.0,7,7,0.25,0.25,False,False
31,0,0,PHYSICAL_SHIFT,channel0,nominal,1,[20],True,True,1.0,20,7,0.375,0.25,True,True
31,0,0,PHYSICAL_SHIFT,median,nominal,1,[7],False,False,0.0,7,7,0.25,0.25,False,False
31,0,0,PHYSICAL_SHIFT,channel2,nominal,1,[7],False,False,0.0,7,7,0.25,0.25,False,False
31,0,0,COMMON_BIAS,channel0,faithful,1,[20],True,True,1.0,20,7,0.375,0.25,True,True
31,0,0,COMMON_BIAS,median,faithful,1,[7],False,False,0.0,7,7,0.25,0.25,False,False
31,0,0,COMMON_BIAS,channel2,faithful,1,[7],False,False,0.0,7,7,0.25,0.25,False,False
31,0,1,NOMINAL,channel0,faithful,1,[20],True,True,1.0,20,7,0.375,0.25,True,True
31,0,1,NOMINAL,median,faithful,1,[7],False,False,0.0,7,7,0.25,0.25,False,False
31,0,1,NOMINAL,channel2,faithful,1,[7],False,False,0.0,7,7,0.25,0.25,False,False
31,0,1,PHYSICAL_SHIFT,channel0,nominal,1,[20],True,True,1.0,20,7,0.375,0.25,True,True
31,0,1,PHYSICAL_SHIFT,median,nominal,1,[7],False,False,0.0,7,7,0.25,0.25,False,False
31,0,1,PHYSICAL_SHIFT,channel2,nominal,1,[7],False,False,0.0,7,7,0.25,0.25,False,False
31,0,1,COMMON_BIAS,channel0,faithful,1,[20],True,True,1.0,20,7,0.375,0.25,True,True
31,0,1,COMMON_BIAS,median,faithful,1,[7],False,False,0.0,7,7,0.25,0.25,False,False
31,0,1,COMMON_BIAS,channel2,faithful,1,[7],False,False,0.0,7,7,0.25,0.25,False,False
31,6,0,NOMINAL,channel0,faithful,1,[20],True,True,1.0,20,7,0.375,0.125,True,True
31,6,0,NOMINAL,median,faithful,1,[7],False,False,0.0,7,7,0.125,0.125,False,False
31,6,0,NOMINAL,channel2,faithful,1,[7],False,False,0.0,7,7,0.125,0.125,False,False
31,6,0,PHYSICAL_SHIFT,channel0,nominal,1,[20],True,True,1.0,20,7,0.375,0.125,True,True
31,6,0,PHYSICAL_SHIFT,median,nominal,1,[7],False,False,0.0,7,7,0.125,0.125,False,False
31,6,0,PHYSICAL_SHIFT,channel2,nominal,1,[7],False,False,0.0,7,7,0.125,0.125,False,False
31,6,0,COMMON_BIAS,channel0,faithful,1,[20],True,True,1.0,20,7,0.375,0.125,True,True
31,6,0,COMMON_BIAS,median,faithful,1,[20],True,True,1.0,20,7,0.375,0.125,True,True
31,6,0,COMMON_BIAS,channel2,faithful,1,[20],True,True,1.0,20,7,0.375,0.125,True,True
31,6,1,NOMINAL,channel0,faithful,1,[20],True,True,1.0,20,7,0.375,0.125,True,True
31,6,1,NOMINAL,median,faithful,1,[7],False,False,0.0,7,7,0.125,0.125,False,False
31,6,1,NOMINAL,channel2,faithful,1,[7],False,False,0.0,7,7,0.125,0.125,False,False
31,6,1,PHYSICAL_SHIFT,channel0,nominal,1,[20],True,True,1.0,20,7,0.375,0.125,True,True
31,6,1,PHYSICAL_SHIFT,median,nominal,1,[7],False,False,0.0,7,7,0.125,0.125,False,False
31,6,1,PHYSICAL_SHIFT,channel2,nominal,1,[7],False,False,0.0,7,7,0.125,0.125,False,False
31,6,1,COMMON_BIAS,channel0,faithful,1,[20],True,True,1.0,20,7,0.375,0.125,True,True
31,6,1,COMMON_BIAS,median,faithful,1,[20],True,True,1.0,20,7,0.375,0.125,True,True
31,6,1,COMMON_BIAS,channel2,faithful,1,[20],True,True,1.0,20,7,0.375,0.125,True,True
32,0,0,NOMINAL,channel0,faithful,1,[20],True,True,1.0,20,7,0.0,0.0,True,False
32,0,0,NOMINAL,median,faithful,1,[7],False,False,0.0,7,7,0.0,0.0,False,False
32,0,0,NOMINAL,channel2,faithful,1,[7],False,False,0.0,7,7,0.0,0.0,False,False
32,0,0,PHYSICAL_SHIFT,channel0,nominal,1,[20],True,True,1.0,20,7,0.0,0.0,True,False
32,0,0,PHYSICAL_SHIFT,median,nominal,1,[7],False,False,0.0,7,7,0.0,0.0,False,False
32,0,0,PHYSICAL_SHIFT,channel2,nominal,1,[7],False,False,0.0,7,7,0.0,0.0,False,False
32,0,0,COMMON_BIAS,channel0,faithful,1,[20],True,True,1.0,20,7,0.0,0.0,True,False
32,0,0,COMMON_BIAS,median,faithful,1,[7],False,False,0.0,7,7,0.0,0.0,False,False
32,0,0,COMMON_BIAS,channel2,faithful,1,[7],False,False,0.0,7,7,0.0,0.0,False,False
32,0,1,NOMINAL,channel0,faithful,1,[20],True,True,1.0,20,7,0.125,0.0,True,True
32,0,1,NOMINAL,median,faithful,1,[7],False,False,0.0,7,7,0.0,0.0,False,False
32,0,1,NOMINAL,channel2,faithful,1,[7],False,False,0.0,7,7,0.0,0.0,False,False
32,0,1,PHYSICAL_SHIFT,channel0,nominal,1,[20],True,True,1.0,20,7,0.125,0.0,True,True
32,0,1,PHYSICAL_SHIFT,median,nominal,1,[7],False,False,0.0,7,7,0.0,0.0,False,False
32,0,1,PHYSICAL_SHIFT,channel2,nominal,1,[7],False,False,0.0,7,7,0.0,0.0,False,False
32,0,1,COMMON_BIAS,channel0,faithful,1,[20],True,True,1.0,20,7,0.125,0.0,True,True
32,0,1,COMMON_BIAS,median,faithful,1,[7],False,False,0.0,7,7,0.0,0.0,False,False
32,0,1,COMMON_BIAS,channel2,faithful,1,[7],False,False,0.0,7,7,0.0,0.0,False,False
32,6,0,NOMINAL,channel0,faithful,1,[20],True,True,1.0,20,7,0.0,0.0,True,False
32,6,0,NOMINAL,median,faithful,1,[7],False,False,0.0,7,7,0.0,0.0,False,False
32,6,0,NOMINAL,channel2,faithful,1,[7],False,False,0.0,7,7,0.0,0.0,False,False
32,6,0,PHYSICAL_SHIFT,channel0,nominal,1,[20],True,True,1.0,20,7,0.0,0.0,True,False
32,6,0,PHYSICAL_SHIFT,median,nominal,1,[7],False,False,0.0,7,7,0.0,0.0,False,False
32,6,0,PHYSICAL_SHIFT,channel2,nominal,1,[7],False,False,0.0,7,7,0.0,0.0,False,False
32,6,0,COMMON_BIAS,channel0,faithful,1,[20],True,True,1.0,20,7,0.0,0.0,True,False
32,6,0,COMMON_BIAS,median,faithful,1,[20],True,True,1.0,20,7,0.0,0.0,True,False
32,6,0,COMMON_BIAS,channel2,faithful,1,[20],True,True,1.0,20,7,0.0,0.0,True,False
32,6,1,NOMINAL,channel0,faithful,1,[20],True,True,1.0,20,7,0.125,0.0,True,True
32,6,1,NOMINAL,median,faithful,1,[7],False,False,0.0,7,7,0.0,0.0,False,False
32,6,1,NOMINAL,channel2,faithful,1,[7],False,False,0.0,7,7,0.0,0.0,False,False
32,6,1,PHYSICAL_SHIFT,channel0,nominal,1,[20],True,True,1.0,20,7,0.25,0.0,True,True
32,6,1,PHYSICAL_SHIFT,median,nominal,1,[7],False,False,0.0,7,7,0.0,0.0,False,False
32,6,1,PHYSICAL_SHIFT,channel2,nominal,1,[7],False,False,0.0,7,7,0.0,0.0,False,False
32,6,1,COMMON_BIAS,channel0,faithful,1,[20],True,True,1.0,20,7,0.125,0.0,True,True
32,6,1,COMMON_BIAS,median,faithful,1,[20],True,True,1.0,20,7,0.125,0.0,True,True
32,6,1,COMMON_BIAS,channel2,faithful,1,[20],True,True,1.0,20,7,0.125,0.0,True,True
33,0,0,NOMINAL,channel0,faithful,2,"[20, 36]",True,True,1.0,20,20,0.0,0.0,False,False
33,0,0,NOMINAL,median,faithful,2,"[20, 36]",True,True,1.0,20,20,0.0,0.0,False,False
33,0,0,NOMINAL,channel2,faithful,2,"[20, 36]",True,True,1.0,20,20,0.0,0.0,False,False
33,0,0,PHYSICAL_SHIFT,channel0,nominal,2,"[20, 36]",True,True,1.0,20,20,0.0,0.0,False,False
33,0,0,PHYSICAL_SHIFT,median,nominal,2,"[20, 36]",True,True,1.0,20,20,0.0,0.0,False,False
33,0,0,PHYSICAL_SHIFT,channel2,nominal,2,"[20, 36]",True,True,1.0,20,20,0.0,0.0,False,False
33,0,0,COMMON_BIAS,channel0,faithful,2,"[20, 36]",True,True,1.0,20,20,0.0,0.0,False,False
33,0,0,COMMON_BIAS,median,faithful,2,"[20, 36]",True,True,1.0,20,20,0.0,0.0,False,False
33,0,0,COMMON_BIAS,channel2,faithful,2,"[20, 36]",True,True,1.0,20,20,0.0,0.0,False,False
33,0,1,NOMINAL,channel0,faithful,2,"[20, 36]",True,True,1.0,20,7,0.0,0.0,True,False
33,0,1,NOMINAL,median,faithful,1,[20],True,True,1.0,20,7,0.0,0.0,True,False
33,0,1,NOMINAL,channel2,faithful,2,"[7, 11]",False,False,0.0,7,7,0.0,0.0,False,False
33,0,1,PHYSICAL_SHIFT,channel0,nominal,2,"[20, 36]",True,True,1.0,20,7,0.0,0.0,True,False
33,0,1,PHYSICAL_SHIFT,median,nominal,1,[20],True,True,1.0,20,7,0.0,0.0,True,False
33,0,1,PHYSICAL_SHIFT,channel2,nominal,2,"[7, 11]",False,False,0.0,7,7,0.0,0.0,False,False
33,0,1,COMMON_BIAS,channel0,faithful,2,"[20, 36]",True,True,1.0,20,7,0.0,0.0,True,False
33,0,1,COMMON_BIAS,median,faithful,1,[20],True,True,1.0,20,7,0.0,0.0,True,False
33,0,1,COMMON_BIAS,channel2,faithful,2,"[7, 11]",False,False,0.0,7,7,0.0,0.0,False,False
33,6,0,NOMINAL,channel0,faithful,2,"[20, 36]",True,True,1.0,20,20,0.0,0.0,False,False
33,6,0,NOMINAL,median,faithful,2,"[20, 36]",True,True,1.0,20,20,0.0,0.0,False,False
33,6,0,NOMINAL,channel2,faithful,2,"[20, 36]",True,True,1.0,20,20,0.0,0.0,False,False
33,6,0,PHYSICAL_SHIFT,channel0,nominal,2,"[20, 36]",True,True,1.0,20,20,0.0,0.0,False,False
33,6,0,PHYSICAL_SHIFT,median,nominal,2,"[20, 36]",True,True,1.0,20,20,0.0,0.0,False,False
33,6,0,PHYSICAL_SHIFT,channel2,nominal,2,"[20, 36]",True,True,1.0,20,20,0.0,0.0,False,False
33,6,0,COMMON_BIAS,channel0,faithful,2,"[20, 36]",True,True,1.0,20,20,0.0,0.0,False,False
33,6,0,COMMON_BIAS,median,faithful,2,"[20, 36]",True,True,1.0,20,20,0.0,0.0,False,False
33,6,0,COMMON_BIAS,channel2,faithful,2,"[20, 36]",True,True,1.0,20,20,0.0,0.0,False,False
33,6,1,NOMINAL,channel0,faithful,2,"[20, 36]",True,True,1.0,20,7,0.0,0.0,True,False
33,6,1,NOMINAL,median,faithful,2,"[20, 36]",True,True,1.0,20,7,0.0,0.0,True,False
33,6,1,NOMINAL,channel2,faithful,2,"[7, 11]",False,False,0.0,7,7,0.0,0.0,False,False
33,6,1,PHYSICAL_SHIFT,channel0,nominal,2,"[20, 36]",True,True,1.0,20,7,0.0,0.0,True,False
33,6,1,PHYSICAL_SHIFT,median,nominal,2,"[20, 36]",True,True,1.0,20,7,0.0,0.0,True,False
33,6,1,PHYSICAL_SHIFT,channel2,nominal,2,"[7, 11]",False,False,0.0,7,7,0.0,0.0,False,False
33,6,1,COMMON_BIAS,channel0,faithful,2,"[20, 36]",True,True,1.0,20,7,0.0,0.0,True,False
33,6,1,COMMON_BIAS,median,faithful,2,"[20, 36]",True,True,1.0,20,7,0.0,0.0,True,False
33,6,1,COMMON_BIAS,channel2,faithful,2,"[20, 36]",True,True,1.0,20,7,0.0,0.0,True,False
34,0,0,NOMINAL,channel0,faithful,1,[36],True,True,1.0,36,11,0.0,0.0,True,False
34,0,0,NOMINAL,median,faithful,1,[11],False,False,0.0,11,11,0.0,0.0,False,False
34,0,0,NOMINAL,channel2,faithful,1,[11],False,False,0.0,11,11,0.0,0.0,False,False
34,0,0,PHYSICAL_SHIFT,channel0,nominal,1,[36],True,True,1.0,36,11,0.0,0.0,True,False
34,0,0,PHYSICAL_SHIFT,median,nominal,1,[11],False,False,0.0,11,11,0.0,0.0,False,False
34,0,0,PHYSICAL_SHIFT,channel2,nominal,1,[11],False,False,0.0,11,11,0.0,0.0,False,False
34,0,0,COMMON_BIAS,channel0,faithful,1,[36],True,True,1.0,36,11,0.0,0.0,True,False
34,0,0,COMMON_BIAS,median,faithful,1,[11],False,False,0.0,11,11,0.0,0.0,False,False
34,0,0,COMMON_BIAS,channel2,faithful,1,[11],False,False,0.0,11,11,0.0,0.0,False,False
34,0,1,NOMINAL,channel0,faithful,1,[36],True,True,1.0,36,11,0.125,0.0,True,True
34,0,1,NOMINAL,median,faithful,1,[11],False,False,0.0,11,11,0.0,0.0,False,False
34,0,1,NOMINAL,channel2,faithful,1,[11],False,False,0.0,11,11,0.0,0.0,False,False
34,0,1,PHYSICAL_SHIFT,channel0,nominal,1,[36],True,True,1.0,36,11,0.125,0.0,True,True
34,0,1,PHYSICAL_SHIFT,median,nominal,1,[11],False,False,0.0,11,11,0.0,0.0,False,False
34,0,1,PHYSICAL_SHIFT,channel2,nominal,1,[11],False,False,0.0,11,11,0.0,0.0,False,False
34,0,1,COMMON_BIAS,channel0,faithful,1,[36],True,True,1.0,36,11,0.125,0.0,True,True
34,0,1,COMMON_BIAS,median,faithful,1,[11],False,False,0.0,11,11,0.0,0.0,False,False
34,0,1,COMMON_BIAS,channel2,faithful,1,[11],False,False,0.0,11,11,0.0,0.0,False,False
34,6,0,NOMINAL,channel0,faithful,1,[36],True,True,1.0,36,11,0.0,0.0,True,False
34,6,0,NOMINAL,median,faithful,1,[11],False,False,0.0,11,11,0.0,0.0,False,False
34,6,0,NOMINAL,channel2,faithful,1,[11],False,False,0.0,11,11,0.0,0.0,False,False
34,6,0,PHYSICAL_SHIFT,channel0,nominal,1,[36],True,True,1.0,36,11,0.0,0.0,True,False
34,6,0,PHYSICAL_SHIFT,median,nominal,1,[11],False,False,0.0,11,11,0.0,0.0,False,False
34,6,0,PHYSICAL_SHIFT,channel2,nominal,1,[11],False,False,0.0,11,11,0.0,0.0,False,False
34,6,0,COMMON_BIAS,channel0,faithful,1,[36],True,True,1.0,36,11,0.0,0.0,True,False
34,6,0,COMMON_BIAS,median,faithful,1,[36],True,True,1.0,36,11,0.0,0.0,True,False
34,6,0,COMMON_BIAS,channel2,faithful,1,[36],True,True,1.0,36,11,0.0,0.0,True,False
34,6,1,NOMINAL,channel0,faithful,1,[36],True,True,1.0,36,11,0.125,0.0,True,True
34,6,1,NOMINAL,median,faithful,1,[11],False,False,0.0,11,11,0.0,0.0,False,False
34,6,1,NOMINAL,channel2,faithful,1,[11],False,False,0.0,11,11,0.0,0.0,False,False
34,6,1,PHYSICAL_SHIFT,channel0,nominal,1,[36],True,True,1.0,36,11,0.125,0.0,True,True
34,6,1,PHYSICAL_SHIFT,median,nominal,1,[11],False,False,0.0,11,11,0.0,0.0,False,False
34,6,1,PHYSICAL_SHIFT,channel2,nominal,1,[11],False,False,0.0,11,11,0.0,0.0,False,False
34,6,1,COMMON_BIAS,channel0,faithful,1,[36],True,True,1.0,36,11,0.125,0.0,True,True
34,6,1,COMMON_BIAS,median,faithful,1,[36],True,True,1.0,36,11,0.125,0.0,True,True
34,6,1,COMMON_BIAS,channel2,faithful,1,[36],True,True,1.0,36,11,0.125,0.0,True,True
35,0,0,NOMINAL,channel0,faithful,1,[20],True,True,1.0,20,7,0.125,0.0,True,True
35,0,0,NOMINAL,median,faithful,1,[7],False,False,0.0,7,7,0.0,0.0,False,False
35,0,0,NOMINAL,channel2,faithful,1,[7],False,False,0.0,7,7,0.0,0.0,False,False
35,0,0,PHYSICAL_SHIFT,channel0,nominal,1,[20],True,True,1.0,20,7,0.125,0.0,True,True
35,0,0,PHYSICAL_SHIFT,median,nominal,1,[7],False,False,0.0,7,7,0.0,0.0,False,False
35,0,0,PHYSICAL_SHIFT,channel2,nominal,1,[7],False,False,0.0,7,7,0.0,0.0,False,False
35,0,0,COMMON_BIAS,channel0,faithful,1,[20],True,True,1.0,20,7,0.125,0.0,True,True
35,0,0,COMMON_BIAS,median,faithful,1,[7],False,False,0.0,7,7,0.0,0.0,False,False
35,0,0,COMMON_BIAS,channel2,faithful,1,[7],False,False,0.0,7,7,0.0,0.0,False,False
35,0,1,NOMINAL,channel0,faithful,1,[20],True,True,1.0,20,7,0.125,0.0,True,True
35,0,1,NOMINAL,median,faithful,1,[7],False,False,0.0,7,7,0.0,0.0,False,False
35,0,1,NOMINAL,channel2,faithful,1,[7],False,False,0.0,7,7,0.0,0.0,False,False
35,0,1,PHYSICAL_SHIFT,channel0,nominal,1,[20],True,True,1.0,20,7,0.125,0.0,True,True
35,0,1,PHYSICAL_SHIFT,median,nominal,1,[7],False,False,0.0,7,7,0.0,0.0,False,False
35,0,1,PHYSICAL_SHIFT,channel2,nominal,1,[7],False,False,0.0,7,7,0.0,0.0,False,False
35,0,1,COMMON_BIAS,channel0,faithful,1,[20],True,True,1.0,20,7,0.125,0.0,True,True
35,0,1,COMMON_BIAS,median,faithful,1,[7],False,False,0.0,7,7,0.0,0.0,False,False
35,0,1,COMMON_BIAS,channel2,faithful,1,[7],False,False,0.0,7,7,0.0,0.0,False,False
35,6,0,NOMINAL,channel0,faithful,1,[20],True,True,1.0,20,7,0.125,0.0,True,True
35,6,0,NOMINAL,median,faithful,1,[7],False,False,0.0,7,7,0.0,0.0,False,False
35,6,0,NOMINAL,channel2,faithful,1,[7],False,False,0.0,7,7,0.0,0.0,False,False
35,6,0,PHYSICAL_SHIFT,channel0,nominal,1,[20],True,True,1.0,20,7,0.125,0.0,True,True
35,6,0,PHYSICAL_SHIFT,median,nominal,1,[7],False,False,0.0,7,7,0.0,0.0,False,False
35,6,0,PHYSICAL_SHIFT,channel2,nominal,1,[7],False,False,0.0,7,7,0.0,0.0,False,False
35,6,0,COMMON_BIAS,channel0,faithful,1,[20],True,True,1.0,20,7,0.125,0.0,True,True
35,6,0,COMMON_BIAS,median,faithful,1,[20],True,True,1.0,20,7,0.125,0.0,True,True
35,6,0,COMMON_BIAS,channel2,faithful,1,[20],True,True,1.0,20,7,0.125,0.0,True,True
35,6,1,NOMINAL,channel0,faithful,1,[20],True,True,1.0,20,7,0.125,0.0,True,True
35,6,1,NOMINAL,median,faithful,1,[7],False,False,0.0,7,7,0.0,0.0,False,False
35,6,1,NOMINAL,channel2,faithful,1,[7],False,False,0.0,7,7,0.0,0.0,False,False
35,6,1,PHYSICAL_SHIFT,channel0,nominal,1,[20],True,True,1.0,20,7,0.125,0.0,True,True
35,6,1,PHYSICAL_SHIFT,median,nominal,1,[7],False,False,0.0,7,7,0.0,0.0,False,False
35,6,1,PHYSICAL_SHIFT,channel2,nominal,1,[7],False,False,0.0,7,7,0.0,0.0,False,False
35,6,1,COMMON_BIAS,channel0,faithful,1,[20],True,True,1.0,20,7,0.125,0.0,True,True
35,6,1,COMMON_BIAS,median,faithful,1,[20],True,True,1.0,20,7,0.125,0.0,True,True
35,6,1,COMMON_BIAS,channel2,faithful,1,[20],True,True,1.0,20,7,0.125,0.0,True,True
36,0,0,NOMINAL,channel0,faithful,1,[36],True,True,1.0,36,7,0.125,0.125,True,False
36,0,0,NOMINAL,median,faithful,1,[7],False,False,0.0,7,7,0.125,0.125,False,False
36,0,0,NOMINAL,channel2,faithful,1,[7],False,False,0.0,7,7,0.125,0.125,False,False
36,0,0,PHYSICAL_SHIFT,channel0,nominal,1,[36],True,True,1.0,36,7,0.125,0.125,True,False
36,0,0,PHYSICAL_SHIFT,median,nominal,1,[7],False,False,0.0,7,7,0.125,0.125,False,False
36,0,0,PHYSICAL_SHIFT,channel2,nominal,1,[7],False,False,0.0,7,7,0.125,0.125,False,False
36,0,0,COMMON_BIAS,channel0,faithful,1,[36],True,True,1.0,36,7,0.125,0.125,True,False
36,0,0,COMMON_BIAS,median,faithful,1,[7],False,False,0.0,7,7,0.125,0.125,False,False
36,0,0,COMMON_BIAS,channel2,faithful,1,[7],False,False,0.0,7,7,0.125,0.125,False,False
36,0,1,NOMINAL,channel0,faithful,1,[20],True,True,1.0,20,7,0.125,0.125,True,False
36,0,1,NOMINAL,median,faithful,1,[7],False,False,0.0,7,7,0.125,0.125,False,False
36,0,1,NOMINAL,channel2,faithful,1,[7],False,False,0.0,7,7,0.125,0.125,False,False
36,0,1,PHYSICAL_SHIFT,channel0,nominal,1,[20],True,True,1.0,20,7,0.125,0.125,True,False
36,0,1,PHYSICAL_SHIFT,median,nominal,1,[7],False,False,0.0,7,7,0.125,0.125,False,False
36,0,1,PHYSICAL_SHIFT,channel2,nominal,1,[7],False,False,0.0,7,7,0.125,0.125,False,False
36,0,1,COMMON_BIAS,channel0,faithful,1,[20],True,True,1.0,20,7,0.125,0.125,True,False
36,0,1,COMMON_BIAS,median,faithful,1,[7],False,False,0.0,7,7,0.125,0.125,False,False
36,0,1,COMMON_BIAS,channel2,faithful,1,[7],False,False,0.0,7,7,0.125,0.125,False,False
36,6,0,NOMINAL,channel0,faithful,1,[36],True,True,1.0,36,7,0.125,0.125,True,False
36,6,0,NOMINAL,median,faithful,1,[7],False,False,0.0,7,7,0.125,0.125,False,False
36,6,0,NOMINAL,channel2,faithful,1,[7],False,False,0.0,7,7,0.125,0.125,False,False
36,6,0,PHYSICAL_SHIFT,channel0,nominal,1,[36],True,True,1.0,36,7,0.125,0.125,True,False
36,6,0,PHYSICAL_SHIFT,median,nominal,1,[7],False,False,0.0,7,7,0.125,0.125,False,False
36,6,0,PHYSICAL_SHIFT,channel2,nominal,1,[7],False,False,0.0,7,7,0.125,0.125,False,False
36,6,0,COMMON_BIAS,channel0,faithful,1,[36],True,True,1.0,36,7,0.125,0.125,True,False
36,6,0,COMMON_BIAS,median,faithful,1,[36],True,True,1.0,36,7,0.125,0.125,True,False
36,6,0,COMMON_BIAS,channel2,faithful,1,[36],True,True,1.0,36,7,0.125,0.125,True,False
36,6,1,NOMINAL,channel0,faithful,1,[20],True,True,1.0,20,7,0.125,0.125,True,False
36,6,1,NOMINAL,median,faithful,1,[7],False,False,0.0,7,7,0.125,0.125,False,False
36,6,1,NOMINAL,channel2,faithful,1,[7],False,False,0.0,7,7,0.125,0.125,False,False
36,6,1,PHYSICAL_SHIFT,channel0,nominal,1,[20],True,True,1.0,20,7,0.25,0.125,True,True
36,6,1,PHYSICAL_SHIFT,median,nominal,1,[7],False,False,0.0,7,7,0.125,0.125,False,False
36,6,1,PHYSICAL_SHIFT,channel2,nominal,1,[7],False,False,0.0,7,7,0.125,0.125,False,False
36,6,1,COMMON_BIAS,channel0,faithful,1,[20],True,True,1.0,20,7,0.125,0.125,True,False
36,6,1,COMMON_BIAS,median,faithful,1,[20],True,True,1.0,20,7,0.125,0.125,True,False
36,6,1,COMMON_BIAS,channel2,faithful,1,[20],True,True,1.0,20,7,0.125,0.125,True,False
37,0,0,NOMINAL,channel0,faithful,1,[36],True,True,1.0,36,11,0.0,0.0,True,False
37,0,0,NOMINAL,median,faithful,1,[11],False,False,0.0,11,11,0.0,0.0,False,False
37,0,0,NOMINAL,channel2,faithful,1,[11],False,False,0.0,11,11,0.0,0.0,False,False
37,0,0,PHYSICAL_SHIFT,channel0,nominal,1,[36],True,True,1.0,36,11,0.0,0.0,True,False
37,0,0,PHYSICAL_SHIFT,median,nominal,1,[11],False,False,0.0,11,11,0.0,0.0,False,False
37,0,0,PHYSICAL_SHIFT,channel2,nominal,1,[11],False,False,0.0,11,11,0.0,0.0,False,False
37,0,0,COMMON_BIAS,channel0,faithful,1,[36],True,True,1.0,36,11,0.0,0.0,True,False
37,0,0,COMMON_BIAS,median,faithful,1,[11],False,False,0.0,11,11,0.0,0.0,False,False
37,0,0,COMMON_BIAS,channel2,faithful,1,[11],False,False,0.0,11,11,0.0,0.0,False,False
37,0,1,NOMINAL,channel0,faithful,1,[36],True,True,1.0,36,11,0.0,0.0,True,False
37,0,1,NOMINAL,median,faithful,1,[11],False,False,0.0,11,11,0.0,0.0,False,False
37,0,1,NOMINAL,channel2,faithful,1,[11],False,False,0.0,11,11,0.0,0.0,False,False
37,0,1,PHYSICAL_SHIFT,channel0,nominal,1,[36],True,True,1.0,36,11,0.0,0.0,True,False
37,0,1,PHYSICAL_SHIFT,median,nominal,1,[11],False,False,0.0,11,11,0.0,0.0,False,False
37,0,1,PHYSICAL_SHIFT,channel2,nominal,1,[11],False,False,0.0,11,11,0.0,0.0,False,False
37,0,1,COMMON_BIAS,channel0,faithful,1,[36],True,True,1.0,36,11,0.0,0.0,True,False
37,0,1,COMMON_BIAS,median,faithful,1,[11],False,False,0.0,11,11,0.0,0.0,False,False
37,0,1,COMMON_BIAS,channel2,faithful,1,[11],False,False,0.0,11,11,0.0,0.0,False,False
37,6,0,NOMINAL,channel0,faithful,1,[36],True,True,1.0,36,11,0.0,0.0,True,False
37,6,0,NOMINAL,median,faithful,1,[11],False,False,0.0,11,11,0.0,0.0,False,False
37,6,0,NOMINAL,channel2,faithful,1,[11],False,False,0.0,11,11,0.0,0.0,False,False
37,6,0,PHYSICAL_SHIFT,channel0,nominal,1,[36],True,True,1.0,36,11,0.0,0.0,True,False
37,6,0,PHYSICAL_SHIFT,median,nominal,1,[11],False,False,0.0,11,11,0.0,0.0,False,False
37,6,0,PHYSICAL_SHIFT,channel2,nominal,1,[11],False,False,0.0,11,11,0.0,0.0,False,False
37,6,0,COMMON_BIAS,channel0,faithful,1,[36],True,True,1.0,36,11,0.0,0.0,True,False
37,6,0,COMMON_BIAS,median,faithful,1,[36],True,True,1.0,36,11,0.0,0.0,True,False
37,6,0,COMMON_BIAS,channel2,faithful,1,[36],True,True,1.0,36,11,0.0,0.0,True,False
37,6,1,NOMINAL,channel0,faithful,1,[36],True,True,1.0,36,11,0.0,0.0,True,False
37,6,1,NOMINAL,median,faithful,1,[11],False,False,0.0,11,11,0.0,0.0,False,False
37,6,1,NOMINAL,channel2,faithful,1,[11],False,False,0.0,11,11,0.0,0.0,False,False
37,6,1,PHYSICAL_SHIFT,channel0,nominal,1,[36],True,True,1.0,36,11,0.125,0.0,True,True
37,6,1,PHYSICAL_SHIFT,median,nominal,1,[11],False,False,0.0,11,11,0.0,0.0,False,False
37,6,1,PHYSICAL_SHIFT,channel2,nominal,1,[11],False,False,0.0,11,11,0.0,0.0,False,False
37,6,1,COMMON_BIAS,channel0,faithful,1,[36],True,True,1.0,36,11,0.0,0.0,True,False
37,6,1,COMMON_BIAS,median,faithful,1,[36],True,True,1.0,36,11,0.0,0.0,True,False
37,6,1,COMMON_BIAS,channel2,faithful,1,[36],True,True,1.0,36,11,0.0,0.0,True,False
38,0,0,NOMINAL,channel0,faithful,1,[36],True,True,1.0,36,11,0.125,0.125,True,False
38,0,0,NOMINAL,median,faithful,1,[11],False,False,0.0,11,11,0.125,0.125,False,False
38,0,0,NOMINAL,channel2,faithful,1,[11],False,False,0.0,11,11,0.125,0.125,False,False
38,0,0,PHYSICAL_SHIFT,channel0,nominal,1,[36],True,True,1.0,36,11,0.125,0.125,True,False
38,0,0,PHYSICAL_SHIFT,median,nominal,1,[11],False,False,0.0,11,11,0.125,0.125,False,False
38,0,0,PHYSICAL_SHIFT,channel2,nominal,1,[11],False,False,0.0,11,11,0.125,0.125,False,False
38,0,0,COMMON_BIAS,channel0,faithful,1,[36],True,True,1.0,36,11,0.125,0.125,True,False
38,0,0,COMMON_BIAS,median,faithful,1,[11],False,False,0.0,11,11,0.125,0.125,False,False
38,0,0,COMMON_BIAS,channel2,faithful,1,[11],False,False,0.0,11,11,0.125,0.125,False,False
38,0,1,NOMINAL,channel0,faithful,1,[36],True,True,1.0,36,11,0.125,0.125,True,False
38,0,1,NOMINAL,median,faithful,1,[11],False,False,0.0,11,11,0.125,0.125,False,False
38,0,1,NOMINAL,channel2,faithful,1,[11],False,False,0.0,11,11,0.125,0.125,False,False
38,0,1,PHYSICAL_SHIFT,channel0,nominal,1,[36],True,True,1.0,36,11,0.125,0.125,True,False
38,0,1,PHYSICAL_SHIFT,median,nominal,1,[11],False,False,0.0,11,11,0.125,0.125,False,False
38,0,1,PHYSICAL_SHIFT,channel2,nominal,1,[11],False,False,0.0,11,11,0.125,0.125,False,False
38,0,1,COMMON_BIAS,channel0,faithful,1,[36],True,True,1.0,36,11,0.125,0.125,True,False
38,0,1,COMMON_BIAS,median,faithful,1,[11],False,False,0.0,11,11,0.125,0.125,False,False
38,0,1,COMMON_BIAS,channel2,faithful,1,[11],False,False,0.0,11,11,0.125,0.125,False,False
38,6,0,NOMINAL,channel0,faithful,1,[36],True,True,1.0,36,11,0.125,0.125,True,False
38,6,0,NOMINAL,median,faithful,1,[11],False,False,0.0,11,11,0.125,0.125,False,False
38,6,0,NOMINAL,channel2,faithful,1,[11],False,False,0.0,11,11,0.125,0.125,False,False
38,6,0,PHYSICAL_SHIFT,channel0,nominal,1,[36],True,True,1.0,36,11,0.125,0.125,True,False
38,6,0,PHYSICAL_SHIFT,median,nominal,1,[11],False,False,0.0,11,11,0.125,0.125,False,False
38,6,0,PHYSICAL_SHIFT,channel2,nominal,1,[11],False,False,0.0,11,11,0.125,0.125,False,False
38,6,0,COMMON_BIAS,channel0,faithful,1,[36],True,True,1.0,36,11,0.125,0.125,True,False
38,6,0,COMMON_BIAS,median,faithful,1,[36],True,True,1.0,36,11,0.125,0.125,True,False
38,6,0,COMMON_BIAS,channel2,faithful,1,[36],True,True,1.0,36,11,0.125,0.125,True,False
38,6,1,NOMINAL,channel0,faithful,1,[36],True,True,1.0,36,11,0.125,0.125,True,False
38,6,1,NOMINAL,median,faithful,1,[11],False,False,0.0,11,11,0.125,0.125,False,False
38,6,1,NOMINAL,channel2,faithful,1,[11],False,False,0.0,11,11,0.125,0.125,False,False
38,6,1,PHYSICAL_SHIFT,channel0,nominal,1,[36],True,True,1.0,36,11,0.125,0.125,True,False
38,6,1,PHYSICAL_SHIFT,median,nominal,1,[11],False,False,0.0,11,11,0.125,0.125,False,False
38,6,1,PHYSICAL_SHIFT,channel2,nominal,1,[11],False,False,0.0,11,11,0.125,0.125,False,False
38,6,1,COMMON_BIAS,channel0,faithful,1,[36],True,True,1.0,36,11,0.125,0.125,True,False
38,6,1,COMMON_BIAS,median,faithful,1,[36],True,True,1.0,36,11,0.125,0.125,True,False
38,6,1,COMMON_BIAS,channel2,faithful,1,[36],True,True,1.0,36,11,0.125,0.125,True,False
39,0,0,NOMINAL,channel0,faithful,1,[36],True,True,1.0,36,11,0.125,0.0,True,True
39,0,0,NOMINAL,median,faithful,1,[11],False,False,0.0,11,11,0.0,0.0,False,False
39,0,0,NOMINAL,channel2,faithful,1,[11],False,False,0.0,11,11,0.0,0.0,False,False
39,0,0,PHYSICAL_SHIFT,channel0,nominal,1,[36],True,True,1.0,36,11,0.125,0.0,True,True
39,0,0,PHYSICAL_SHIFT,median,nominal,1,[11],False,False,0.0,11,11,0.0,0.0,False,False
39,0,0,PHYSICAL_SHIFT,channel2,nominal,1,[11],False,False,0.0,11,11,0.0,0.0,False,False
39,0,0,COMMON_BIAS,channel0,faithful,1,[36],True,True,1.0,36,11,0.125,0.0,True,True
39,0,0,COMMON_BIAS,median,faithful,1,[11],False,False,0.0,11,11,0.0,0.0,False,False
39,0,0,COMMON_BIAS,channel2,faithful,1,[11],False,False,0.0,11,11,0.0,0.0,False,False
39,0,1,NOMINAL,channel0,faithful,1,[36],True,True,1.0,36,11,0.125,0.0,True,True
39,0,1,NOMINAL,median,faithful,1,[11],False,False,0.0,11,11,0.0,0.0,False,False
39,0,1,NOMINAL,channel2,faithful,1,[11],False,False,0.0,11,11,0.0,0.0,False,False
39,0,1,PHYSICAL_SHIFT,channel0,nominal,1,[36],True,True,1.0,36,11,0.125,0.0,True,True
39,0,1,PHYSICAL_SHIFT,median,nominal,1,[11],False,False,0.0,11,11,0.0,0.0,False,False
39,0,1,PHYSICAL_SHIFT,channel2,nominal,1,[11],False,False,0.0,11,11,0.0,0.0,False,False
39,0,1,COMMON_BIAS,channel0,faithful,1,[36],True,True,1.0,36,11,0.125,0.0,True,True
39,0,1,COMMON_BIAS,median,faithful,1,[11],False,False,0.0,11,11,0.0,0.0,False,False
39,0,1,COMMON_BIAS,channel2,faithful,1,[11],False,False,0.0,11,11,0.0,0.0,False,False
39,6,0,NOMINAL,channel0,faithful,1,[36],True,True,1.0,36,11,0.125,0.0,True,True
39,6,0,NOMINAL,median,faithful,1,[11],False,False,0.0,11,11,0.0,0.0,False,False
39,6,0,NOMINAL,channel2,faithful,1,[11],False,False,0.0,11,11,0.0,0.0,False,False
39,6,0,PHYSICAL_SHIFT,channel0,nominal,1,[36],True,True,1.0,36,11,0.125,0.0,True,True
39,6,0,PHYSICAL_SHIFT,median,nominal,1,[11],False,False,0.0,11,11,0.0,0.0,False,False
39,6,0,PHYSICAL_SHIFT,channel2,nominal,1,[11],False,False,0.0,11,11,0.0,0.0,False,False
39,6,0,COMMON_BIAS,channel0,faithful,1,[36],True,True,1.0,36,11,0.125,0.0,True,True
39,6,0,COMMON_BIAS,median,faithful,1,[36],True,True,1.0,36,11,0.125,0.0,True,True
39,6,0,COMMON_BIAS,channel2,faithful,1,[36],True,True,1.0,36,11,0.125,0.0,True,True
39,6,1,NOMINAL,channel0,faithful,1,[36],True,True,1.0,36,11,0.125,0.0,True,True
39,6,1,NOMINAL,median,faithful,1,[11],False,False,0.0,11,11,0.0,0.0,False,False
39,6,1,NOMINAL,channel2,faithful,1,[11],False,False,0.0,11,11,0.0,0.0,False,False
39,6,1,PHYSICAL_SHIFT,channel0,nominal,1,[36],True,True,1.0,36,11,0.125,0.0,True,True
39,6,1,PHYSICAL_SHIFT,median,nominal,1,[11],False,False,0.0,11,11,0.0,0.0,False,False
39,6,1,PHYSICAL_SHIFT,channel2,nominal,1,[11],False,False,0.0,11,11,0.0,0.0,False,False
39,6,1,COMMON_BIAS,channel0,faithful,1,[36],True,True,1.0,36,11,0.125,0.0,True,True
39,6,1,COMMON_BIAS,median,faithful,1,[36],True,True,1.0,36,11,0.125,0.0,True,True
39,6,1,COMMON_BIAS,channel2,faithful,1,[36],True,True,1.0,36,11,0.125,0.0,True,True
40,0,0,NOMINAL,channel0,faithful,1,[20],True,True,1.0,20,7,0.25,0.25,True,False
40,0,0,NOMINAL,median,faithful,1,[7],False,False,0.0,7,7,0.25,0.25,False,False
40,0,0,NOMINAL,channel2,faithful,1,[7],False,False,0.0,7,7,0.25,0.25,False,False
40,0,0,PHYSICAL_SHIFT,channel0,nominal,1,[20],True,True,1.0,20,7,0.25,0.25,True,False
40,0,0,PHYSICAL_SHIFT,median,nominal,1,[7],False,False,0.0,7,7,0.25,0.25,False,False
40,0,0,PHYSICAL_SHIFT,channel2,nominal,1,[7],False,False,0.0,7,7,0.25,0.25,False,False
40,0,0,COMMON_BIAS,channel0,faithful,1,[20],True,True,1.0,20,7,0.25,0.25,True,False
40,0,0,COMMON_BIAS,median,faithful,1,[7],False,False,0.0,7,7,0.25,0.25,False,False
40,0,0,COMMON_BIAS,channel2,faithful,1,[7],False,False,0.0,7,7,0.25,0.25,False,False
40,0,1,NOMINAL,channel0,faithful,1,[20],True,True,1.0,20,7,0.25,0.25,True,False
40,0,1,NOMINAL,median,faithful,1,[7],False,False,0.0,7,7,0.25,0.25,False,False
40,0,1,NOMINAL,channel2,faithful,1,[7],False,False,0.0,7,7,0.25,0.25,False,False
40,0,1,PHYSICAL_SHIFT,channel0,nominal,1,[20],True,True,1.0,20,7,0.25,0.25,True,False
40,0,1,PHYSICAL_SHIFT,median,nominal,1,[7],False,False,0.0,7,7,0.25,0.25,False,False
40,0,1,PHYSICAL_SHIFT,channel2,nominal,1,[7],False,False,0.0,7,7,0.25,0.25,False,False
40,0,1,COMMON_BIAS,channel0,faithful,1,[20],True,True,1.0,20,7,0.25,0.25,True,False
40,0,1,COMMON_BIAS,median,faithful,1,[7],False,False,0.0,7,7,0.25,0.25,False,False
40,0,1,COMMON_BIAS,channel2,faithful,1,[7],False,False,0.0,7,7,0.25,0.25,False,False
40,6,0,NOMINAL,channel0,faithful,1,[20],True,True,1.0,20,7,0.25,0.25,True,False
40,6,0,NOMINAL,median,faithful,1,[7],False,False,0.0,7,7,0.25,0.25,False,False
40,6,0,NOMINAL,channel2,faithful,1,[7],False,False,0.0,7,7,0.25,0.25,False,False
40,6,0,PHYSICAL_SHIFT,channel0,nominal,1,[20],True,True,1.0,20,7,0.25,0.25,True,False
40,6,0,PHYSICAL_SHIFT,median,nominal,1,[7],False,False,0.0,7,7,0.25,0.25,False,False
40,6,0,PHYSICAL_SHIFT,channel2,nominal,1,[7],False,False,0.0,7,7,0.25,0.25,False,False
40,6,0,COMMON_BIAS,channel0,faithful,1,[20],True,True,1.0,20,7,0.25,0.25,True,False
40,6,0,COMMON_BIAS,median,faithful,1,[20],True,True,1.0,20,7,0.25,0.25,True,False
40,6,0,COMMON_BIAS,channel2,faithful,1,[20],True,True,1.0,20,7,0.25,0.25,True,False
40,6,1,NOMINAL,channel0,faithful,1,[20],True,True,1.0,20,7,0.25,0.25,True,False
40,6,1,NOMINAL,median,faithful,1,[7],False,False,0.0,7,7,0.25,0.25,False,False
40,6,1,NOMINAL,channel2,faithful,1,[7],False,False,0.0,7,7,0.25,0.25,False,False
40,6,1,PHYSICAL_SHIFT,channel0,nominal,1,[20],True,True,1.0,20,7,0.375,0.25,True,True
40,6,1,PHYSICAL_SHIFT,median,nominal,1,[7],False,False,0.0,7,7,0.25,0.25,False,False
40,6,1,PHYSICAL_SHIFT,channel2,nominal,1,[7],False,False,0.0,7,7,0.25,0.25,False,False
40,6,1,COMMON_BIAS,channel0,faithful,1,[20],True,True,1.0,20,7,0.25,0.25,True,False
40,6,1,COMMON_BIAS,median,faithful,1,[20],True,True,1.0,20,7,0.25,0.25,True,False
40,6,1,COMMON_BIAS,channel2,faithful,1,[20],True,True,1.0,20,7,0.25,0.25,True,False
